TransactionID,Date,BusinessUnit,Region,ExpenseCategory,Revenue,COGS,OperatingExpenses,Receivables,Payables,TaxRate,GrossProfit,OperatingProfit_EBIT,TaxAmount,NetProfit,GrossMargin_%,NetMargin_%,OperatingCashFlow,Year,YearMonth
TXN20000,2024-04-12,Cloud Services,EMEA,Administrative,191620.08,77211.66,44252.32,36797.85,6077.58,0.21,114408.42,70156.1,14732.78,55423.32,59.71,28.92,24703.05,2024,2024-04
TXN20001,2025-03-11,Consumer Hardware,EMEA,Operations,219452.34,101550.11,56789.64,18896.36,5082.62,0.21,117902.23,61112.59,12833.64,48278.95,53.73,22.0,34465.21,2025,2025-03
TXN20002,2024-09-27,Consulting,EMEA,Operations,69712.59,30419.64,23308.49,5994.75,1946.28,0.21,39292.95,15984.46,3356.74,12627.72,56.36,18.11,8579.25,2024,2024-09
TXN20003,2024-04-16,SaaS Subscriptions,LATAM,Sales & Marketing,282658.29,89197.99,65194.41,17668.08,4611.09,0.21,193460.3,128265.89,26935.84,101330.05,68.44,35.85,88273.06,2024,2024-04
TXN20004,2024-03-12,SaaS Subscriptions,LATAM,R&D,185986.65,79625.66,51364.07,35202.84,4508.72,0.21,106360.99,54996.92,11549.35,43447.57,57.19,23.36,12753.45,2024,2024-03
TXN20005,2025-12-01,Consumer Hardware,APAC,Administrative,207317.08,103990.44,54501.74,28394.26,4451.07,0.21,103326.64,48824.9,10253.23,38571.67,49.84,18.61,14628.48,2025,2025-12
TXN20006,2024-01-21,SaaS Subscriptions,EMEA,R&D,182228.82,75590.33,36941.17,27344.44,4349.1,0.21,106638.49,69697.32,14636.44,55060.88,58.52,30.22,32065.54,2024,2024-01
TXN20007,2025-09-06,Consulting,EMEA,Sales & Marketing,170228.92,53279.8,54288.34,31787.96,4286.51,0.21,116949.12,62660.78,13158.76,49502.02,68.7,29.08,22000.57,2025,2025-09
TXN20008,2024-05-01,SaaS Subscriptions,EMEA,Sales & Marketing,217892.1,108198.58,45835.1,22190.79,4937.36,0.21,109693.52,63858.42,13410.27,50448.15,50.34,23.15,33194.72,2024,2024-05
TXN20009,2025-04-11,Consulting,APAC,Operations,96572.07,33833.15,26184.38,13831.64,1481.75,0.21,62738.92,36554.54,7676.45,28878.09,64.97,29.9,16528.2,2025,2025-04
TXN20010,2024-08-02,Cloud Services,EMEA,Administrative,104578.44,38135.07,29710.92,5837.56,2053.88,0.21,66443.37,36732.45,7713.81,29018.64,63.53,27.75,25234.96,2024,2024-08
TXN20011,2024-11-26,Consulting,LATAM,COGS,308535.69,105265.15,90790.94,24070.68,8238.42,0.21,203270.54,112479.6,23620.72,88858.88,65.88,28.8,73026.62,2024,2024-11
TXN20012,2025-04-03,Enterprise Solutions,EMEA,Sales & Marketing,333834.64,127709.7,101250.29,58316.53,14549.15,0.21,206124.94,104874.65,22023.68,82850.97,61.74,24.82,39083.59,2025,2025-04
TXN20013,2024-03-28,Enterprise Solutions,North America,Administrative,161992.79,79244.91,38552.8,26731.28,3382.05,0.21,82747.88,44195.08,9280.97,34914.11,51.08,21.55,11564.88,2024,2024-03
TXN20014,2025-01-07,Enterprise Solutions,LATAM,R&D,131223.4,56405.92,26441.1,13463.05,3077.94,0.21,74817.48,48376.38,10159.04,38217.34,57.02,29.12,27832.23,2025,2025-01
TXN20015,2024-04-09,Consumer Hardware,APAC,Operations,243199.86,85416.73,75031.18,25906.04,5665.51,0.21,157783.13,82751.95,17377.91,65374.04,64.88,26.88,45133.51,2024,2024-04
TXN20016,2025-10-25,Consumer Hardware,EMEA,R&D,172620.25,89668.89,48393.83,22446.36,3034.46,0.21,82951.36,34557.53,7257.08,27300.45,48.05,15.82,7888.55,2025,2025-10
TXN20017,2024-05-10,Consumer Hardware,North America,Sales & Marketing,57615.91,29954.25,18749.23,2882.88,1047.21,0.21,27661.66,8912.43,1871.61,7040.82,48.01,12.22,5205.15,2024,2024-05
TXN20018,2025-10-23,Consulting,APAC,Sales & Marketing,96845.78,50131.7,31301.36,8346.81,2521.05,0.21,46714.08,15412.72,3236.67,12176.05,48.24,12.57,6350.29,2025,2025-10
TXN20019,2024-11-04,Consumer Hardware,APAC,R&D,264791.67,95245.31,86454.2,21510.29,5685.76,0.21,169546.36,83092.16,17449.35,65642.81,64.03,24.79,49818.28,2024,2024-11
TXN20020,2024-12-09,Cloud Services,LATAM,Sales & Marketing,247677.18,102243.58,67557.47,21689.7,4553.44,0.21,145433.6,77876.13,16353.99,61522.14,58.72,24.84,44385.88,2024,2024-12
TXN20021,2025-05-06,Enterprise Solutions,APAC,Administrative,58128.8,31752.71,14534.77,9933.39,1832.48,0.21,26376.09,11841.32,2486.68,9354.64,45.38,16.09,1253.73,2025,2025-05
TXN20022,2025-02-17,Consulting,APAC,Sales & Marketing,116591.65,57480.05,37161.69,10720.73,1916.94,0.21,59111.6,21949.91,4609.48,17340.43,50.7,14.87,8536.64,2025,2025-02
TXN20023,2025-01-20,Enterprise Solutions,APAC,Operations,119322.44,36607.15,31941.91,9394.04,3378.85,0.21,82715.29,50773.38,10662.41,40110.97,69.32,33.62,34095.78,2025,2025-01
TXN20024,2024-07-10,Consumer Hardware,APAC,Administrative,251567.82,79571.19,57235.79,31606.86,5033.67,0.21,171996.63,114760.84,24099.78,90661.06,68.37,36.04,64087.87,2024,2024-07
TXN20025,2024-10-03,Consulting,EMEA,COGS,55913.16,23258.92,18353.28,10055.8,1847.35,0.21,32654.24,14300.96,3003.2,11297.76,58.4,20.21,3089.31,2024,2024-10
TXN20026,2024-06-09,SaaS Subscriptions,EMEA,Sales & Marketing,81232.57,42834.35,27000.41,7002.45,2869.68,0.21,38398.22,11397.81,2393.54,9004.27,47.27,11.08,4871.5,2024,2024-06
TXN20027,2025-04-04,Cloud Services,EMEA,Sales & Marketing,289974.83,126044.94,78277.68,17914.77,6366.85,0.21,163929.89,85652.21,17986.96,67665.25,56.53,23.33,56117.33,2025,2025-04
TXN20028,2024-11-09,Consumer Hardware,EMEA,Operations,103563.4,43957.81,21888.64,10714.74,1740.38,0.21,59605.59,37716.95,7920.56,29796.39,57.55,28.77,20822.03,2024,2024-11
TXN20029,2024-01-22,Consumer Hardware,North America,Operations,245823.83,80229.14,63465.3,39859.79,7827.82,0.21,165594.69,102129.39,21447.17,80682.22,67.36,32.82,48650.25,2024,2024-01
TXN20030,2024-09-09,Cloud Services,EMEA,R&D,121454.83,56378.73,38930.0,16105.35,5338.38,0.21,65076.1,26146.1,5490.68,20655.42,53.58,17.01,9888.45,2024,2024-09
TXN20031,2025-07-14,Cloud Services,APAC,R&D,79832.42,40357.35,26765.1,13772.61,1853.7,0.21,39475.07,12709.97,2669.09,10040.88,49.45,12.58,-1878.03,2025,2025-07
TXN20032,2025-04-19,SaaS Subscriptions,EMEA,R&D,122951.66,48578.81,28342.93,23845.1,1693.83,0.21,74372.85,46029.92,9666.28,36363.64,60.49,29.58,14212.37,2025,2025-04
TXN20033,2024-02-28,Consumer Hardware,EMEA,Operations,266680.08,131714.08,56015.1,45042.1,7829.77,0.21,134966.0,78950.9,16579.69,62371.21,50.61,23.39,25158.88,2024,2024-02
TXN20034,2025-05-25,Consumer Hardware,LATAM,R&D,306708.94,165966.09,101705.47,43114.22,8643.9,0.21,140742.85,39037.38,8197.85,30839.53,45.89,10.05,-3630.79,2025,2025-05
TXN20035,2025-11-12,Enterprise Solutions,APAC,R&D,299065.96,104954.69,77281.86,37084.55,8124.78,0.21,194111.27,116829.41,24534.18,92295.23,64.91,30.86,63335.46,2025,2025-11
TXN20036,2025-04-20,Consulting,EMEA,COGS,169155.06,72877.48,47577.25,9474.44,4089.47,0.21,96277.58,48700.33,10227.07,38473.26,56.92,22.74,33088.29,2025,2025-04
TXN20037,2025-11-30,Consulting,EMEA,R&D,250425.54,93104.33,86449.37,49496.18,5410.02,0.21,157321.21,70871.84,14883.09,55988.75,62.82,22.36,11902.59,2025,2025-11
TXN20038,2024-07-08,Enterprise Solutions,EMEA,Sales & Marketing,111495.29,55548.47,23412.31,11988.22,2550.38,0.21,55946.82,32534.51,6832.25,25702.26,50.18,23.05,16264.42,2024,2024-07
TXN20039,2025-11-17,Consulting,North America,Operations,137944.32,61302.23,41003.63,10047.07,4203.45,0.21,76642.09,35638.46,7484.08,28154.38,55.56,20.41,22310.76,2025,2025-11
TXN20040,2025-07-16,Cloud Services,EMEA,Administrative,318900.75,146262.43,67324.99,47837.13,4732.9,0.21,172638.32,105313.33,22115.8,83197.53,54.14,26.09,40093.3,2025,2025-07
TXN20041,2025-07-20,Consulting,LATAM,COGS,53900.58,26922.18,13815.81,4993.52,1315.08,0.21,26978.4,13162.59,2764.14,10398.45,50.05,19.29,6720.01,2025,2025-07
TXN20042,2024-08-31,Consulting,APAC,Operations,75652.56,30184.81,24252.11,10429.97,3145.37,0.21,45467.75,21215.64,4455.28,16760.36,60.1,22.15,9475.76,2024,2024-08
TXN20043,2025-05-19,Enterprise Solutions,APAC,Operations,112365.88,59415.99,29779.3,15508.2,3247.21,0.21,52949.89,23170.59,4865.82,18304.77,47.12,16.29,6043.78,2025,2025-05
TXN20044,2024-05-10,SaaS Subscriptions,EMEA,Sales & Marketing,57959.66,25111.44,53872.385,6773.14,1209.44,0.21,32848.22,-21024.16,0.0,-21024.16,56.67,-36.27,-26587.86,2024,2024-05
TXN20045,2025-04-29,Consulting,EMEA,R&D,104430.63,35453.02,29643.56,18318.99,3106.71,0.21,68977.61,39334.05,8260.15,31073.9,66.05,29.76,15861.62,2025,2025-04
TXN20046,2025-10-08,Consulting,EMEA,Sales & Marketing,224912.47,106602.84,55817.5,20184.78,6713.38,0.21,118309.63,62492.13,13123.35,49368.78,52.6,21.95,35897.38,2025,2025-10
TXN20047,2024-01-21,SaaS Subscriptions,APAC,R&D,176427.37,87916.46,41110.52,20694.03,5314.37,0.21,88510.91,47400.39,9954.08,37446.31,50.17,21.22,22066.65,2024,2024-01
TXN20048,2024-06-15,Enterprise Solutions,APAC,R&D,317801.51,120507.29,80269.7,41521.98,9063.39,0.21,197294.22,117024.52,24575.15,92449.37,62.08,29.09,59990.78,2024,2024-06
TXN20049,2024-09-30,SaaS Subscriptions,North America,Operations,295233.07,151836.84,57325.05,44150.25,4930.46,0.21,143396.23,86071.18,18074.95,67996.23,48.57,23.03,28776.44,2024,2024-09
TXN20050,2025-01-22,Enterprise Solutions,LATAM,R&D,152545.21,80320.51,32081.33,25565.93,3882.4,0.21,72224.7,40143.37,8430.11,31713.26,47.35,20.79,10029.73,2025,2025-01
TXN20051,2025-08-23,Cloud Services,North America,COGS,127827.03,47197.08,32651.64,13961.41,3844.21,0.21,80629.95,47978.31,10075.45,37902.86,63.08,29.65,27785.66,2025,2025-08
TXN20052,2024-11-11,Enterprise Solutions,LATAM,COGS,163907.72,89474.01,44195.39,24079.2,2317.72,0.21,74433.71,30238.32,6350.05,23888.27,45.41,14.57,2126.79,2024,2024-11
TXN20053,2024-01-14,Cloud Services,North America,COGS,227088.48,76115.04,70036.51,16484.73,6385.56,0.21,150973.44,80936.93,16996.76,63940.17,66.48,28.16,53841.0,2024,2024-01
TXN20054,2024-08-29,Cloud Services,APAC,Operations,130419.09,45712.4,38931.33,24766.22,3242.79,0.21,84706.69,45775.36,9612.83,36162.53,64.95,27.73,14639.1,2024,2024-08
TXN20055,2024-12-11,Enterprise Solutions,North America,Sales & Marketing,237244.67,82099.99,72671.57,25494.03,8498.3,0.21,155144.68,82473.11,17319.35,65153.76,65.39,27.46,48158.03,2024,2024-12
TXN20056,2025-07-18,Consumer Hardware,LATAM,Administrative,172823.5,90472.66,34781.52,27552.94,2490.83,0.21,82350.84,47569.32,9989.56,37579.76,47.65,21.74,12517.65,2025,2025-07
TXN20057,2024-12-05,Enterprise Solutions,EMEA,R&D,215614.15,99952.93,50162.66,11438.58,5472.1,0.21,115661.22,65498.56,13754.7,51743.86,53.64,24.0,45777.38,2024,2024-12
TXN20058,2024-04-01,Consulting,LATAM,Administrative,180837.96,61127.94,52158.71,14607.74,7647.74,0.21,119710.02,67551.31,14185.78,53365.53,66.2,29.51,46405.53,2024,2024-04
TXN20059,2025-01-01,Consulting,EMEA,Sales & Marketing,138339.73,56730.47,37711.19,17024.42,4894.17,0.21,81609.26,43898.07,9218.59,34679.48,58.99,25.07,22549.23,2025,2025-01
TXN20060,2025-03-30,Consumer Hardware,APAC,Sales & Marketing,334535.99,151820.63,67173.83,60797.86,9548.48,0.21,182715.36,115541.53,24263.72,91277.81,54.62,27.28,40028.43,2025,2025-03
TXN20061,2025-03-03,Cloud Services,LATAM,Operations,279081.74,89547.85,89494.31,36026.18,13231.79,0.21,189533.89,100039.58,21008.31,79031.27,67.91,28.32,56236.88,2025,2025-03
TXN20062,2025-05-23,Consumer Hardware,North America,COGS,92033.95,47913.25,29075.5,17438.65,1484.8,0.21,44120.7,15045.2,3159.49,11885.71,47.94,12.91,-4068.14,2025,2025-05
TXN20063,2024-02-04,Consulting,LATAM,COGS,310540.39,155549.96,87654.02,38062.79,9841.28,0.21,154990.43,67336.41,14140.65,53195.76,49.91,17.13,24974.25,2024,2024-02
TXN20064,2024-07-24,Consumer Hardware,EMEA,Sales & Marketing,196229.36,83652.91,41202.18,24247.54,3761.1,0.21,112576.45,71374.27,14988.6,56385.67,57.37,28.73,35899.23,2024,2024-07
TXN20065,2024-03-21,Enterprise Solutions,APAC,Operations,318365.67,172484.68,100277.94,21636.77,13636.34,0.21,145880.99,45603.05,9576.64,36026.41,45.82,11.32,28025.98,2024,2024-03
TXN20066,2025-07-15,Consumer Hardware,North America,Operations,289956.58,117270.11,83379.05,49408.15,6268.56,0.21,172686.47,89307.42,18754.56,70552.86,59.56,24.33,27413.27,2025,2025-07
TXN20067,2025-01-22,Cloud Services,LATAM,R&D,177564.05,96954.87,56340.01,15456.03,8344.12,0.21,80609.18,24269.17,5096.53,19172.64,45.4,10.8,12060.73,2025,2025-01
TXN20068,2024-01-02,Enterprise Solutions,EMEA,COGS,56740.79,26496.82,17746.37,10493.75,1976.43,0.21,30243.97,12497.6,2624.5,9873.1,53.3,17.4,1355.78,2024,2024-01
TXN20069,2025-01-24,SaaS Subscriptions,North America,Sales & Marketing,130603.21,59903.49,41851.84,24373.65,5413.69,0.21,70699.72,28847.88,6058.05,22789.83,54.13,17.45,3829.87,2025,2025-01
TXN20070,2025-07-19,Consulting,APAC,Administrative,212490.26,72563.03,59008.8,40691.15,3455.55,0.21,139927.23,80918.43,16992.87,63925.56,65.85,30.08,26689.96,2025,2025-07
TXN20071,2024-04-15,Consulting,North America,COGS,240043.47,124938.29,53061.29,30733.86,3626.52,0.21,115105.18,62043.89,13029.22,49014.67,47.95,20.42,21907.33,2024,2024-04
TXN20072,2025-04-21,Consumer Hardware,APAC,R&D,127366.31,51821.84,38295.69,19304.16,4819.14,0.21,75544.47,37248.78,7822.24,29426.54,59.31,23.1,14941.52,2025,2025-04
TXN20073,2025-12-03,Enterprise Solutions,North America,Operations,91806.82,31265.58,26905.92,15311.3,1404.45,0.21,60541.24,33635.32,7063.42,26571.9,65.94,28.94,12665.05,2025,2025-12
TXN20074,2025-02-05,SaaS Subscriptions,LATAM,Sales & Marketing,300479.07,91090.8,93550.55,20929.03,12319.47,0.21,209388.27,115837.72,24325.92,91511.8,69.68,30.46,82902.24,2025,2025-02
TXN20075,2025-12-30,Enterprise Solutions,EMEA,COGS,345320.65,151920.0,77863.64,48394.47,4001.79,0.21,193400.65,115537.01,24262.77,91274.24,56.01,26.43,46881.56,2025,2025-12
TXN20076,2025-07-09,Consulting,LATAM,Administrative,207707.05,89698.27,47616.07,11453.94,5509.75,0.21,118008.78,70392.71,14782.47,55610.24,56.82,26.77,49666.05,2025,2025-07
TXN20077,2024-06-10,Enterprise Solutions,LATAM,R&D,101503.79,48705.41,33857.75,12650.92,2929.01,0.21,52798.38,18940.63,3977.53,14963.1,52.02,14.74,5241.19,2024,2024-06
TXN20078,2024-07-20,SaaS Subscriptions,APAC,R&D,131692.2,68817.67,41153.37,9643.35,4574.18,0.21,62874.53,21721.16,4561.44,17159.72,47.74,13.03,12090.55,2024,2024-07
TXN20079,2024-09-26,Consumer Hardware,APAC,COGS,55517.2,17757.27,18666.79,4299.17,2232.61,0.21,37759.93,19093.14,4009.56,15083.58,68.01,27.17,13017.02,2024,2024-09
TXN20080,2024-09-27,Cloud Services,APAC,Administrative,324289.64,156591.08,101764.46,33971.65,8573.4,0.21,167698.56,65934.1,13846.16,52087.94,51.71,16.06,26689.69,2024,2024-09
TXN20081,2025-03-31,Enterprise Solutions,LATAM,R&D,85325.32,29595.34,24707.94,9800.94,1502.15,0.21,55729.98,31022.04,6514.63,24507.41,65.31,28.72,16208.62,2025,2025-03
TXN20082,2025-04-06,Cloud Services,North America,Sales & Marketing,222954.94,114720.19,66467.31,31988.65,3786.28,0.21,108234.75,41767.44,8771.16,32996.28,48.55,14.8,4793.91,2025,2025-04
TXN20083,2025-12-27,Consulting,North America,R&D,132216.57,66738.41,44076.93,8086.93,4799.7,0.21,65478.16,21401.23,4494.26,16906.97,49.52,12.79,13619.74,2025,2025-12
TXN20084,2024-09-08,Consumer Hardware,LATAM,Administrative,216253.4,94113.14,62026.02,27151.43,6330.72,0.21,122140.26,60114.24,12623.99,47490.25,56.48,21.96,26669.54,2024,2024-09
TXN20085,2025-12-02,Consumer Hardware,LATAM,Operations,245426.12,117205.87,72366.03,18994.45,8989.31,0.21,128220.25,55854.22,11729.39,44124.83,52.24,17.98,34119.69,2025,2025-12
TXN20086,2024-10-22,Enterprise Solutions,EMEA,Operations,298922.54,113168.35,66800.67,40682.24,6745.1,0.21,185754.19,118953.52,24980.24,93973.28,62.14,31.44,60036.14,2024,2024-10
TXN20087,2025-12-25,Consumer Hardware,APAC,COGS,111926.38,46761.94,30341.92,16297.68,2798.88,0.21,65164.44,34822.52,7312.73,27509.79,58.22,24.58,14010.99,2025,2025-12
TXN20088,2025-12-20,Enterprise Solutions,APAC,Administrative,53298.75,26937.68,16387.21,7115.72,1471.71,0.21,26361.07,9973.86,2094.51,7879.35,49.46,14.78,2235.34,2025,2025-12
TXN20089,2024-12-03,Enterprise Solutions,LATAM,R&D,91065.69,37775.53,21914.18,14638.29,1153.66,0.21,53290.16,31375.98,6588.96,24787.02,58.52,27.22,11302.39,2024,2024-12
TXN20090,2024-02-22,Cloud Services,LATAM,R&D,320005.59,124626.04,73709.49,32109.8,6158.85,0.21,195379.55,121670.06,25550.71,96119.35,61.06,30.04,70168.4,2024,2024-02
TXN20091,2024-08-04,Consumer Hardware,North America,Operations,312167.02,132219.31,77128.36,51434.51,11384.3,0.21,179947.71,102819.35,21592.06,81227.29,57.64,26.02,41177.08,2024,2024-08
TXN20092,2024-07-06,Enterprise Solutions,LATAM,Operations,229223.93,116230.82,54148.44,26341.28,7437.59,0.21,112993.11,58844.67,12357.38,46487.29,49.29,20.28,27583.6,2024,2024-07
TXN20093,2025-01-14,Cloud Services,North America,Sales & Marketing,230155.06,88333.97,53450.5,28223.38,4433.07,0.21,141821.09,88370.59,18557.82,69812.77,61.62,30.33,46022.46,2025,2025-01
TXN20094,2025-05-07,SaaS Subscriptions,LATAM,Operations,249511.0,85692.16,65802.94,36731.84,7158.01,0.21,163818.84,98015.9,20583.34,77432.56,65.66,31.03,47858.73,2025,2025-05
TXN20095,2024-02-10,Cloud Services,EMEA,Sales & Marketing,102611.38,49048.6,34495.46,5413.14,4647.56,0.21,53562.78,19067.32,4004.14,15063.18,52.2,14.68,14297.6,2024,2024-02
TXN20096,2024-06-05,Cloud Services,EMEA,R&D,324323.58,164268.13,89532.43,48032.04,8427.46,0.21,160055.45,70523.02,14809.83,55713.19,49.35,17.18,16108.61,2024,2024-06
TXN20097,2024-01-15,Enterprise Solutions,North America,Sales & Marketing,175631.16,57108.12,40076.93,25077.98,2075.82,0.21,118523.04,78446.11,16473.68,61972.43,67.48,35.29,38970.27,2024,2024-01
TXN20098,2024-03-05,Consulting,APAC,Sales & Marketing,164941.56,59373.77,34892.69,15913.08,2004.62,0.21,105567.79,70675.1,14841.77,55833.33,64.0,33.85,41924.87,2024,2024-03
TXN20099,2025-06-04,Consulting,EMEA,COGS,205675.31,69002.63,62612.38,12930.63,6326.31,0.21,136672.68,74060.3,15552.66,58507.64,66.45,28.45,51903.32,2025,2025-06
TXN20100,2024-12-09,Consulting,North America,Operations,64089.79,24801.81,16497.98,4078.69,2424.28,0.21,39287.98,22790.0,4785.9,18004.1,61.3,28.09,16349.69,2024,2024-12
TXN20101,2024-05-08,Cloud Services,LATAM,Sales & Marketing,99885.01,41211.33,53872.385,18826.68,3852.91,0.21,58673.68,4801.29,1008.27,3793.02,58.74,3.8,-11180.75,2024,2024-05
TXN20102,2025-10-09,Enterprise Solutions,LATAM,R&D,271410.08,132232.78,81131.7,41632.11,4631.94,0.21,139177.3,58045.6,12189.58,45856.02,51.28,16.9,8855.85,2025,2025-10
TXN20103,2025-04-16,Consumer Hardware,North America,Administrative,74839.6,34634.79,23906.48,5168.83,1648.02,0.21,40204.81,16298.33,3422.65,12875.68,53.72,17.2,9354.87,2025,2025-04
TXN20104,2024-03-03,Cloud Services,APAC,Sales & Marketing,230945.63,105133.88,55609.84,23904.83,7069.81,0.21,125811.75,70201.91,14742.4,55459.51,54.48,24.01,38624.49,2024,2024-03
TXN20105,2024-05-18,Cloud Services,North America,Operations,123604.73,47970.22,37557.77,17165.29,5038.15,0.21,75634.51,38076.74,7996.12,30080.62,61.19,24.34,17953.48,2024,2024-05
TXN20106,2025-05-13,Enterprise Solutions,North America,COGS,166788.68,85122.59,39964.12,29244.02,4466.77,0.21,81666.09,41701.97,8757.41,32944.56,48.96,19.75,8167.31,2025,2025-05
TXN20107,2025-08-15,SaaS Subscriptions,EMEA,R&D,136608.12,57077.85,46564.28,7725.07,5328.92,0.21,79530.27,32965.99,6922.86,26043.13,58.22,19.06,23646.98,2025,2025-08
TXN20108,2025-01-26,Cloud Services,North America,COGS,156701.81,85367.42,46298.51,13397.22,2446.12,0.21,71334.39,25035.88,5257.53,19778.35,45.52,12.62,8827.25,2025,2025-01
TXN20109,2025-11-05,SaaS Subscriptions,North America,Administrative,265713.77,121839.21,66076.84,48748.47,8778.51,0.21,143874.56,77797.72,16337.52,61460.2,54.15,23.13,21490.24,2025,2025-11
TXN20110,2025-02-22,SaaS Subscriptions,LATAM,Sales & Marketing,139136.51,46132.96,33452.14,7148.12,4309.56,0.21,93003.55,59551.41,12505.8,47045.61,66.84,33.81,44207.05,2025,2025-02
TXN20111,2024-10-15,Consulting,EMEA,Sales & Marketing,219921.39,103152.9,50282.6,17639.87,3816.63,0.21,116768.49,66485.89,13962.04,52523.85,53.1,23.88,38700.61,2024,2024-10
TXN20112,2025-01-13,Enterprise Solutions,LATAM,Operations,192815.12,73515.78,58653.62,37377.91,7089.33,0.21,119299.34,60645.72,12735.6,47910.12,61.87,24.85,17621.54,2025,2025-01
TXN20113,2025-05-04,SaaS Subscriptions,LATAM,Sales & Marketing,249101.35,117471.66,57992.62,35374.95,4145.63,0.21,131629.69,73637.07,15463.78,58173.29,52.84,23.35,26943.97,2025,2025-05
TXN20114,2024-08-18,Enterprise Solutions,APAC,R&D,331048.92,105078.33,95770.96,29546.35,5174.79,0.21,225970.59,130199.63,27341.92,102857.71,68.26,31.07,78486.15,2024,2024-08
TXN20115,2024-02-10,Consulting,APAC,Administrative,269771.63,92726.0,64662.98,16199.43,4533.76,0.21,177045.63,112382.65,23600.36,88782.29,65.63,32.91,77116.62,2024,2024-02
TXN20116,2024-01-28,Enterprise Solutions,EMEA,COGS,114482.11,58836.29,34263.96,6208.22,2325.25,0.21,55645.82,21381.86,4490.19,16891.67,48.61,14.75,13008.7,2024,2024-01
TXN20117,2024-05-14,Cloud Services,EMEA,Administrative,59354.94,21177.54,19126.59,5146.77,1602.33,0.21,38177.4,19050.81,4000.67,15050.14,64.32,25.36,11505.7,2024,2024-05
TXN20118,2024-07-19,SaaS Subscriptions,APAC,Sales & Marketing,128679.21,65531.21,40753.19,23448.3,3742.98,0.21,63148.0,22394.81,4702.91,17691.9,49.07,13.75,-2013.42,2024,2024-07
TXN20119,2024-02-02,Enterprise Solutions,APAC,COGS,228523.38,84512.29,71785.52,25683.07,7239.85,0.21,144011.09,72225.57,15167.37,57058.2,63.02,24.97,38614.98,2024,2024-02
TXN20120,2024-02-17,Consumer Hardware,APAC,Operations,65427.74,30143.9,14927.89,10340.86,1458.09,0.21,35283.84,20355.95,4274.75,16081.2,53.93,24.58,7198.43,2024,2024-02
TXN20121,2025-05-17,Enterprise Solutions,APAC,Administrative,198909.87,94191.31,42419.07,37343.89,3269.13,0.21,104718.56,62299.49,13082.89,49216.6,52.65,24.74,15141.84,2025,2025-05
TXN20122,2025-02-10,SaaS Subscriptions,APAC,COGS,229052.85,98072.12,69825.0,25472.07,3694.93,0.21,130980.73,61155.73,12842.7,48313.03,57.18,21.09,26535.89,2025,2025-02
TXN20123,2025-07-27,Consulting,LATAM,COGS,150273.17,56551.95,38357.54,11825.24,4238.9,0.21,93721.22,55363.68,11626.37,43737.31,62.37,29.11,36150.97,2025,2025-07
TXN20124,2025-12-28,Consulting,EMEA,COGS,281273.66,99334.91,74495.87,35881.43,6672.93,0.21,181938.75,107442.88,22563.0,84879.88,64.68,30.18,55671.38,2025,2025-12
TXN20125,2024-04-08,SaaS Subscriptions,LATAM,R&D,81979.48,25274.05,16778.93,15265.61,1340.09,0.21,56705.43,39926.5,8384.56,31541.94,69.17,38.48,17616.42,2024,2024-04
TXN20126,2025-11-14,Cloud Services,LATAM,Administrative,72541.33,27274.57,17332.77,12379.63,2369.29,0.21,45266.76,27933.99,5866.14,22067.85,62.4,30.42,12057.51,2025,2025-11
TXN20127,2025-12-26,Cloud Services,North America,COGS,268456.63,124373.46,55047.42,16073.7,6863.0,0.21,144083.17,89035.75,18697.51,70338.24,53.67,26.2,61127.54,2025,2025-12
TXN20128,2025-06-30,Consulting,LATAM,Administrative,198647.39,106192.17,65926.67,30569.04,8951.3,0.21,92455.22,26528.55,5571.0,20957.55,46.54,10.55,-660.19,2025,2025-06
TXN20129,2025-09-04,Consulting,APAC,COGS,256520.72,132826.72,60669.59,34831.57,6036.52,0.21,123694.0,63024.41,13235.13,49789.28,48.22,19.41,20994.23,2025,2025-09
TXN20130,2025-04-06,SaaS Subscriptions,APAC,Operations,180448.2,88693.21,51175.21,33584.92,3228.8,0.21,91754.99,40579.78,8521.75,32058.03,50.85,17.77,1701.91,2025,2025-04
TXN20131,2025-10-04,Cloud Services,North America,Operations,123920.61,61602.4,25508.67,8472.73,3051.4,0.21,62318.21,36809.54,7730.0,29079.54,50.29,23.47,23658.21,2025,2025-10
TXN20132,2024-01-05,Consulting,North America,Operations,295730.7,137883.32,88727.23,38476.17,6264.8,0.21,157847.38,69120.15,14515.23,54604.92,53.38,18.46,22393.55,2024,2024-01
TXN20133,2024-08-05,Cloud Services,North America,Sales & Marketing,289824.76,105806.82,72008.15,52724.75,6777.62,0.21,184017.94,112009.79,23522.06,88487.73,63.49,30.53,42540.6,2024,2024-08
TXN20134,2025-05-17,Consulting,North America,COGS,258408.94,136129.51,86486.34,28813.52,4886.49,0.21,122279.43,35793.09,7516.55,28276.54,47.32,10.94,4349.51,2025,2025-05
TXN20135,2025-02-01,Enterprise Solutions,North America,Sales & Marketing,131643.54,61567.46,43865.96,16099.9,5813.59,0.21,70076.08,26210.12,5504.13,20705.99,53.23,15.73,10419.68,2025,2025-02
TXN20136,2025-01-27,Consumer Hardware,LATAM,Administrative,227069.2,99935.46,56493.36,13753.38,3536.15,0.21,127133.74,70640.38,14834.48,55805.9,55.99,24.58,45588.67,2025,2025-01
TXN20137,2024-07-25,Enterprise Solutions,North America,Sales & Marketing,158292.17,51879.84,53050.69,14518.8,7443.53,0.21,106412.33,53361.64,11205.94,42155.7,67.23,26.63,35080.43,2024,2024-07
TXN20138,2024-01-15,Consulting,LATAM,Administrative,77474.62,31901.25,27071.47,7644.89,3693.17,0.21,45573.37,18501.9,3885.4,14616.5,58.82,18.87,10664.78,2024,2024-01
TXN20139,2025-07-07,Consumer Hardware,EMEA,Administrative,325194.07,134984.67,105301.86,62361.94,10157.24,0.21,190209.4,84907.54,17830.58,67076.96,58.49,20.63,14872.26,2025,2025-07
TXN20140,2025-04-05,Consumer Hardware,North America,Administrative,91045.59,46992.35,29747.39,8412.62,3701.67,0.21,44053.24,14305.85,3004.23,11301.62,48.39,12.41,6590.67,2025,2025-04
TXN20141,2025-11-21,Consulting,North America,Sales & Marketing,335071.21,146312.88,79529.59,39917.14,8902.9,0.21,188758.33,109228.74,22938.04,86290.7,56.33,25.75,55276.46,2025,2025-11
TXN20142,2025-07-28,Consulting,LATAM,COGS,183801.73,72620.09,52660.18,27698.12,6862.02,0.21,111181.64,58521.46,12289.51,46231.95,60.49,25.15,25395.85,2025,2025-07
TXN20143,2024-08-28,Cloud Services,EMEA,Sales & Marketing,105539.88,57434.81,22172.7,7844.52,2066.06,0.21,48105.07,25932.37,5445.8,20486.57,45.58,19.41,14708.11,2024,2024-08
TXN20144,2025-07-17,Consulting,LATAM,COGS,212570.28,69655.06,45540.57,26138.99,5855.64,0.21,142915.22,97374.65,20448.68,76925.97,67.23,36.19,56642.62,2025,2025-07
TXN20145,2024-04-05,SaaS Subscriptions,LATAM,COGS,311883.75,126511.62,109107.51,50144.94,10501.13,0.21,185372.13,76264.62,16015.57,60249.05,59.44,19.32,20605.24,2024,2024-04
TXN20146,2025-04-29,Consulting,North America,Administrative,269667.47,83733.41,67146.09,48547.77,9675.52,0.21,185934.06,118787.97,24945.47,93842.5,68.95,34.8,54970.25,2025,2025-04
TXN20147,2025-02-10,SaaS Subscriptions,APAC,Sales & Marketing,291968.34,141597.65,91160.57,42025.6,8991.82,0.21,150370.69,59210.12,12434.13,46775.99,51.5,16.02,13742.21,2025,2025-02
TXN20148,2024-08-18,Consulting,APAC,COGS,247635.01,131127.48,79490.78,37233.91,7651.94,0.21,116507.53,37016.75,7773.52,29243.23,47.05,11.81,-338.74,2024,2024-08
TXN20149,2025-10-16,Cloud Services,LATAM,Operations,257682.97,95345.1,84701.29,17765.31,10884.72,0.21,162337.87,77636.58,16303.68,61332.9,63.0,23.8,54452.31,2025,2025-10
TXN20150,2024-06-19,SaaS Subscriptions,North America,COGS,304758.7,156824.38,106557.12,58472.98,14082.35,0.21,147934.32,41377.2,8689.21,32687.99,48.54,10.73,-11702.64,2024,2024-06
TXN20151,2025-06-24,Enterprise Solutions,EMEA,Operations,124900.4,46594.66,29504.53,8728.8,3111.22,0.21,78305.74,48801.21,10248.25,38552.96,62.69,30.87,32935.38,2025,2025-06
TXN20152,2024-02-05,SaaS Subscriptions,APAC,Sales & Marketing,196827.49,103864.4,40556.82,32712.91,2757.04,0.21,92963.09,52406.27,11005.32,41400.95,47.23,21.03,11445.08,2024,2024-02
TXN20153,2025-06-08,Cloud Services,EMEA,Sales & Marketing,116362.83,56842.14,30449.68,10440.36,2946.79,0.21,59520.69,29071.01,6104.91,22966.1,51.15,19.74,15472.53,2025,2025-06
TXN20154,2024-06-08,SaaS Subscriptions,APAC,Sales & Marketing,346300.4,173575.01,76017.13,65810.57,11159.87,0.21,172725.39,96708.26,20308.73,76399.53,49.88,22.06,21748.83,2024,2024-06
TXN20155,2025-11-29,Consulting,North America,COGS,333217.8,101465.37,67764.47,52646.39,8490.79,0.21,231752.43,163987.96,34437.47,129550.49,69.55,38.88,85394.89,2025,2025-11
TXN20156,2024-08-30,Consulting,LATAM,R&D,61828.04,33430.58,15708.28,10082.43,2059.61,0.21,28397.46,12689.18,2664.73,10024.45,45.93,16.21,2001.63,2024,2024-08
TXN20157,2024-03-26,Cloud Services,EMEA,COGS,261672.55,126039.23,83096.93,21681.89,4427.62,0.21,135633.32,52536.39,11032.64,41503.75,51.83,15.86,24249.48,2024,2024-03
TXN20158,2025-07-31,Consumer Hardware,EMEA,COGS,327574.5,123229.52,93334.85,38148.01,9033.5,0.21,204344.98,111010.13,23312.13,87698.0,62.38,26.77,58583.49,2025,2025-07
TXN20159,2025-11-12,Consulting,LATAM,Administrative,104172.6,52851.83,25721.96,14862.51,2949.33,0.21,51320.77,25598.81,5375.75,20223.06,49.27,19.41,8309.88,2025,2025-11
TXN20160,2025-07-10,Enterprise Solutions,EMEA,Administrative,220383.57,81625.73,65707.65,36472.61,8739.33,0.21,138757.84,73050.19,15340.54,57709.65,62.96,26.19,29976.37,2025,2025-07
TXN20161,2025-07-27,Cloud Services,APAC,COGS,324646.49,168228.06,76227.88,21294.83,4187.0,0.21,156418.43,80190.55,16840.02,63350.53,48.18,19.51,46242.7,2025,2025-07
TXN20162,2025-10-07,SaaS Subscriptions,LATAM,Operations,60183.79,19749.02,12166.59,11697.01,1645.46,0.21,40434.77,28268.18,5936.32,22331.86,67.19,37.11,12280.31,2025,2025-10
TXN20163,2024-01-28,SaaS Subscriptions,APAC,Administrative,259226.08,123371.26,81566.27,47576.57,8551.41,0.21,135854.82,54288.55,11400.6,42887.95,52.41,16.54,3862.79,2024,2024-01
TXN20164,2025-09-11,Enterprise Solutions,APAC,COGS,139204.7,60578.35,40865.14,12605.3,2849.58,0.21,78626.35,37761.21,7929.85,29831.36,56.48,21.43,20075.64,2025,2025-09
TXN20165,2025-07-09,Consulting,North America,R&D,327318.86,106095.05,102891.18,56761.68,8408.83,0.21,221223.81,118332.63,24849.85,93482.78,67.59,28.56,45129.93,2025,2025-07
TXN20166,2024-12-05,Cloud Services,APAC,Operations,341317.47,123035.89,70257.03,43602.83,5493.6,0.21,218281.58,148024.55,31085.16,116939.39,63.95,34.26,78830.16,2024,2024-12
TXN20167,2024-11-26,Enterprise Solutions,North America,Sales & Marketing,333279.95,101017.49,108505.27,39750.62,11185.36,0.21,232262.46,123757.19,25989.01,97768.18,69.69,29.34,69202.92,2024,2024-11
TXN20168,2025-10-01,Consulting,EMEA,COGS,192264.26,80211.11,56319.77,18681.38,3107.08,0.21,112053.15,55733.38,11704.01,44029.37,58.28,22.9,28455.07,2025,2025-10
TXN20169,2025-05-20,Cloud Services,EMEA,COGS,308612.8,115827.42,87803.21,42324.79,5782.16,0.21,192785.38,104982.17,22046.26,82935.91,62.47,26.87,46393.28,2025,2025-05
TXN20170,2024-12-13,SaaS Subscriptions,North America,Operations,303364.82,136389.6,57325.05,48381.64,11695.55,0.21,166975.22,109650.17,23026.54,86623.63,55.04,28.55,49937.54,2024,2024-12
TXN20171,2025-04-17,Cloud Services,APAC,Administrative,145730.14,54548.17,48042.13,16269.3,3039.16,0.21,91181.97,43139.84,9059.37,34080.47,62.57,23.39,20850.33,2025,2025-04
TXN20172,2024-08-18,Consumer Hardware,LATAM,Administrative,298674.64,111996.95,86030.39,43123.5,6309.44,0.21,186677.69,100647.3,21135.93,79511.37,62.5,26.62,42697.31,2024,2024-08
TXN20173,2024-07-08,Cloud Services,LATAM,Administrative,61102.29,29683.39,17545.07,9464.56,1672.7,0.21,31418.9,13873.83,2913.5,10960.33,51.42,17.94,3168.47,2024,2024-07
TXN20174,2024-08-12,Consumer Hardware,North America,Sales & Marketing,228880.96,71419.03,79788.33,35858.39,8115.44,0.21,157461.93,77673.6,16311.46,61362.14,68.8,26.81,33619.19,2024,2024-08
TXN20175,2025-01-19,Cloud Services,EMEA,Operations,119002.65,62562.52,37308.46,6877.75,4714.34,0.21,56440.13,19131.67,4017.65,15114.02,47.43,12.7,12950.61,2025,2025-01
TXN20176,2025-01-11,Consumer Hardware,EMEA,Operations,86170.07,44210.93,22950.89,15421.18,2174.21,0.21,41959.14,19008.25,3991.73,15016.52,48.69,17.43,1769.55,2025,2025-01
TXN20177,2024-10-09,SaaS Subscriptions,LATAM,Administrative,73085.96,34127.57,22372.31,8678.08,2885.73,0.21,38958.39,16586.08,3483.08,13103.0,53.3,17.93,7310.65,2024,2024-10
TXN20178,2025-09-24,Consulting,North America,Administrative,258886.63,116060.27,66892.31,23134.73,7480.88,0.21,142826.36,75934.05,15946.15,59987.9,55.17,23.17,44334.05,2025,2025-09
TXN20179,2025-09-19,Consumer Hardware,LATAM,R&D,151962.49,79487.87,35609.57,13108.99,2183.22,0.21,72474.62,36865.05,7741.66,29123.39,47.69,19.16,18197.62,2025,2025-09
TXN20180,2024-09-15,Consumer Hardware,APAC,R&D,267430.03,92619.72,77428.42,32747.37,5081.87,0.21,174810.31,97381.89,20450.2,76931.69,65.37,28.77,49266.19,2024,2024-09
TXN20181,2024-12-24,SaaS Subscriptions,APAC,COGS,69606.9,22256.27,23612.56,12739.78,2212.58,0.21,47350.63,23738.07,4984.99,18753.08,68.03,26.94,8225.88,2024,2024-12
TXN20182,2025-12-10,Consumer Hardware,North America,COGS,144587.1,52033.65,49068.66,15434.98,4400.92,0.21,92553.45,43484.79,9131.81,34352.98,64.01,23.76,23318.92,2025,2025-12
TXN20183,2025-03-31,Enterprise Solutions,North America,Operations,211847.39,105636.55,53234.24,34416.49,6619.91,0.21,106210.84,52976.6,11125.09,41851.51,50.14,19.76,14054.93,2025,2025-03
TXN20184,2025-02-14,SaaS Subscriptions,APAC,Operations,287216.95,88654.56,80177.08,18532.04,8665.03,0.21,198562.39,118385.31,24860.92,93524.39,69.13,32.56,83657.38,2025,2025-02
TXN20185,2025-10-10,Enterprise Solutions,EMEA,Sales & Marketing,145625.75,64905.65,33748.1,17680.2,2997.28,0.21,80720.1,46972.0,9864.12,37107.88,55.43,25.48,22424.96,2025,2025-10
TXN20186,2024-11-13,SaaS Subscriptions,North America,Sales & Marketing,237767.41,130500.87,83062.78,47256.97,5571.52,0.21,107266.54,24203.76,5082.79,19120.97,45.11,8.04,-22564.48,2024,2024-11
TXN20187,2025-11-07,Consumer Hardware,APAC,R&D,315793.32,162293.78,109633.24,52284.53,7968.55,0.21,153499.54,43866.3,9211.92,34654.38,48.61,10.97,-9661.6,2025,2025-11
TXN20188,2024-08-12,Enterprise Solutions,APAC,COGS,234758.96,101031.2,69823.5,19151.47,7509.52,0.21,133727.76,63904.26,13419.89,50484.37,56.96,21.5,38842.42,2024,2024-08
TXN20189,2024-08-21,Consumer Hardware,EMEA,R&D,119887.84,37873.8,38443.49,15011.9,3550.02,0.21,82014.04,43570.55,9149.82,34420.73,68.41,28.71,22958.85,2024,2024-08
TXN20190,2025-11-14,SaaS Subscriptions,EMEA,R&D,57320.23,29109.7,17612.5,4874.73,1787.54,0.21,28210.53,10598.03,2225.59,8372.44,49.22,14.61,5285.25,2025,2025-11
TXN20191,2025-10-25,Consumer Hardware,EMEA,COGS,311029.66,139883.92,89879.4,34659.32,6028.01,0.21,171145.74,81266.34,17065.93,64200.41,55.03,20.64,35569.1,2025,2025-10
TXN20192,2025-01-08,Enterprise Solutions,EMEA,Sales & Marketing,56380.82,18534.25,11727.34,9416.31,1363.78,0.21,37846.57,26119.23,5485.04,20634.19,67.13,36.6,12581.66,2025,2025-01
TXN20193,2025-11-02,Enterprise Solutions,LATAM,COGS,312410.5,101053.65,83793.07,51761.33,11333.34,0.21,211356.85,127563.78,26788.39,100775.39,67.65,32.26,60347.4,2025,2025-11
TXN20194,2025-08-30,Consumer Hardware,EMEA,Administrative,208681.14,110059.83,62858.5,17574.09,4764.29,0.21,98621.31,35762.81,7510.19,28252.62,47.26,13.54,15442.82,2025,2025-08
TXN20195,2025-04-16,Cloud Services,LATAM,Administrative,331720.31,155012.92,100056.71,62474.05,9920.77,0.21,176707.39,76650.68,16096.64,60554.04,53.27,18.25,8000.76,2025,2025-04
TXN20196,2024-08-20,SaaS Subscriptions,North America,Administrative,289634.97,146938.11,74137.4,40226.02,10939.18,0.21,142696.86,68559.46,14397.49,54161.97,49.27,18.7,24875.13,2024,2024-08
TXN20197,2025-11-22,SaaS Subscriptions,APAC,Operations,349380.23,181588.53,119227.33,37379.72,9934.52,0.21,167791.7,48564.37,10198.52,38365.85,48.03,10.98,10920.65,2025,2025-11
TXN20198,2024-04-22,Consumer Hardware,LATAM,Sales & Marketing,155213.54,68750.77,34939.12,19446.76,3826.0,0.21,86462.77,51523.65,10819.97,40703.68,55.71,26.22,25082.92,2024,2024-04
TXN20199,2025-05-11,Cloud Services,North America,Sales & Marketing,280156.49,120288.43,77058.14,39435.02,4547.94,0.21,159868.06,82809.92,17390.08,65419.84,57.06,23.35,30532.76,2025,2025-05
TXN20200,2025-03-17,Enterprise Solutions,North America,Operations,170579.27,69529.28,51793.43,22854.82,5728.43,0.21,101049.99,49256.56,10343.88,38912.68,59.24,22.81,21786.29,2025,2025-03
TXN20201,2025-07-17,Consulting,LATAM,R&D,193962.69,73557.76,59075.29,23849.8,3483.27,0.21,120404.93,61329.64,12879.22,48450.42,62.08,24.98,28083.89,2025,2025-07
TXN20202,2024-09-24,Consulting,North America,Administrative,238251.64,97361.29,70831.22,29957.74,10335.94,0.21,140890.35,70059.13,14712.42,55346.71,59.14,23.23,35724.91,2024,2024-09
TXN20203,2025-05-24,Consumer Hardware,North America,Administrative,312103.13,154013.51,75308.37,23863.96,9154.96,0.21,158089.62,82781.25,17384.06,65397.19,50.65,20.95,50688.19,2025,2025-05
TXN20204,2025-01-20,Cloud Services,LATAM,R&D,345225.04,155517.27,77133.97,59347.61,9936.09,0.21,189707.77,112573.8,23640.5,88933.3,54.95,25.76,39521.78,2025,2025-01
TXN20205,2025-01-21,Cloud Services,North America,COGS,280482.02,146728.79,82851.88,36817.21,9976.23,0.21,133753.23,50901.35,10689.28,40212.07,47.69,14.34,13371.09,2025,2025-01
TXN20206,2024-04-22,SaaS Subscriptions,EMEA,COGS,175330.03,72033.47,50827.36,12213.84,5538.8,0.21,103296.56,52469.2,11018.53,41450.67,58.92,23.64,34775.63,2024,2024-04
TXN20207,2025-09-04,Enterprise Solutions,EMEA,Sales & Marketing,176407.1,79695.86,40027.37,29093.69,3802.25,0.21,96711.24,56683.87,11903.61,44780.26,54.82,25.38,19488.82,2025,2025-09
TXN20208,2025-09-16,Cloud Services,APAC,Operations,271274.69,124196.85,82947.9,51506.0,11267.42,0.21,147077.84,64129.94,13467.29,50662.65,54.22,18.68,10424.07,2025,2025-09
TXN20209,2024-03-21,Consulting,North America,Sales & Marketing,121633.14,54482.44,32631.23,23365.24,4753.83,0.21,67150.7,34519.47,7249.09,27270.38,55.21,22.42,8658.97,2024,2024-03
TXN20210,2025-11-29,Enterprise Solutions,APAC,COGS,83142.23,39547.31,24956.31,8759.26,2493.23,0.21,43594.92,18638.61,3914.11,14724.5,52.43,17.71,8458.47,2025,2025-11
TXN20211,2024-04-22,Enterprise Solutions,EMEA,R&D,156386.65,56198.85,50920.28,10998.29,7289.42,0.21,100187.8,49267.52,10346.18,38921.34,64.06,24.89,35212.47,2024,2024-04
TXN20212,2024-01-02,Consumer Hardware,EMEA,Sales & Marketing,136171.7,58293.87,30701.17,17397.29,3325.96,0.21,77877.83,47176.66,9907.1,37269.56,57.19,27.37,23198.23,2024,2024-01
TXN20213,2025-10-03,Cloud Services,EMEA,Administrative,138892.44,45286.74,28177.35,9290.71,2925.89,0.21,93605.7,65428.35,13739.95,51688.4,67.39,37.21,45323.58,2025,2025-10
TXN20214,2024-08-07,Consumer Hardware,North America,Administrative,120082.33,47567.95,38049.93,22827.42,3631.8,0.21,72514.38,34464.45,7237.53,27226.92,60.39,22.67,8031.3,2024,2024-08
TXN20215,2025-07-19,Cloud Services,North America,R&D,62627.96,26423.79,18253.21,4855.98,1294.68,0.21,36204.17,17950.96,3769.7,14181.26,57.81,22.64,10619.96,2025,2025-07
TXN20216,2024-08-12,SaaS Subscriptions,EMEA,COGS,55362.18,25635.79,16882.47,4867.16,850.4,0.21,29726.39,12843.92,2697.22,10146.7,53.69,18.33,6129.94,2024,2024-08
TXN20217,2025-01-19,Consumer Hardware,APAC,Administrative,346316.72,186191.21,112803.41,38439.59,8364.44,0.21,160125.51,47322.1,9937.64,37384.46,46.24,10.79,7309.31,2025,2025-01
TXN20218,2025-02-06,Consumer Hardware,APAC,Administrative,178331.94,80278.4,57141.41,19166.17,5769.7,0.21,98053.54,40912.13,8591.55,32320.58,54.98,18.12,18924.11,2025,2025-02
TXN20219,2025-09-29,Consulting,LATAM,Operations,165297.99,80318.04,56885.32,27968.33,5005.68,0.21,84979.95,28094.63,5899.87,22194.76,51.41,13.43,-767.89,2025,2025-09
TXN20220,2024-05-09,Consumer Hardware,EMEA,Sales & Marketing,253894.18,108302.76,71189.46,30073.14,6752.21,0.21,145591.42,74401.96,15624.41,58777.55,57.34,23.15,35456.62,2024,2024-05
TXN20221,2024-02-22,Cloud Services,APAC,COGS,115476.17,52948.83,31556.67,8731.76,4672.43,0.21,62527.34,30970.67,6503.84,24466.83,54.15,21.19,20407.5,2024,2024-02
TXN20222,2025-11-14,Consulting,EMEA,Sales & Marketing,334988.36,106436.87,87191.8,30176.25,7413.68,0.21,228551.49,141359.69,29685.53,111674.16,68.23,33.34,88911.59,2025,2025-11
TXN20223,2025-12-30,Consumer Hardware,APAC,COGS,285903.5,103953.91,63771.82,36128.77,6072.24,0.21,181949.59,118177.77,24817.33,93360.44,63.64,32.65,63303.91,2025,2025-12
TXN20224,2025-11-02,Consumer Hardware,LATAM,Administrative,76823.3,29996.68,21963.1,5540.35,1391.4,0.21,46826.62,24863.52,5221.34,19642.18,60.95,25.57,15493.23,2025,2025-11
TXN20225,2025-12-10,SaaS Subscriptions,LATAM,Operations,175274.23,73286.25,42337.82,24844.83,2319.93,0.21,101987.98,59650.16,12526.53,47123.63,58.19,26.89,24598.73,2025,2025-12
TXN20226,2025-02-19,Consumer Hardware,EMEA,Sales & Marketing,313735.49,97701.06,106104.13,42311.03,13532.62,0.21,216034.43,109930.3,23085.36,86844.94,68.86,27.68,58066.53,2025,2025-02
TXN20227,2024-09-03,Enterprise Solutions,APAC,Administrative,333419.61,111697.58,95851.01,52415.35,10262.61,0.21,221722.03,125871.02,26432.91,99438.11,66.5,29.82,57285.37,2024,2024-09
TXN20228,2025-03-14,Consulting,North America,COGS,190220.45,70230.07,54959.64,36266.61,6928.79,0.21,119990.38,65030.74,13656.46,51374.28,63.08,27.01,22036.46,2025,2025-03
TXN20229,2024-07-21,Enterprise Solutions,LATAM,Sales & Marketing,234023.42,127047.37,59263.79,43724.51,3851.33,0.21,106976.05,47712.26,10019.57,37692.69,45.71,16.11,-2180.49,2024,2024-07
TXN20230,2024-07-02,Consulting,EMEA,Sales & Marketing,100110.18,38325.86,20802.74,19212.28,2229.7,0.21,61784.32,40981.58,8606.13,32375.45,61.72,32.34,15392.87,2024,2024-07
TXN20231,2024-05-02,SaaS Subscriptions,EMEA,Administrative,347350.59,146064.49,71124.05,30117.85,5360.21,0.21,201286.1,130162.05,27334.03,102828.02,57.95,29.6,78070.38,2024,2024-05
TXN20232,2025-02-04,Consumer Hardware,APAC,Sales & Marketing,119501.51,41708.95,31488.68,8333.41,2292.57,0.21,77792.56,46303.88,9723.81,36580.07,65.1,30.61,30539.23,2025,2025-02
TXN20233,2024-10-20,Consumer Hardware,EMEA,Operations,332819.53,150665.74,70785.66,31731.52,3620.87,0.21,182153.79,111368.13,23387.31,87980.82,54.73,26.43,59870.17,2024,2024-10
TXN20234,2024-10-06,Consumer Hardware,LATAM,Operations,244893.99,90652.61,71270.78,45124.85,4492.49,0.21,154241.38,82970.6,17423.83,65546.77,62.98,26.77,24914.41,2024,2024-10
TXN20235,2025-09-01,Consulting,EMEA,Administrative,232321.04,81718.49,77164.49,45490.32,6244.68,0.21,150602.55,73438.06,15421.99,58016.07,64.83,24.97,18770.43,2025,2025-09
TXN20236,2024-07-16,Consumer Hardware,EMEA,COGS,203806.55,87462.19,67752.88,36460.74,4179.53,0.21,116344.36,48591.48,10204.21,38387.27,57.09,18.84,6106.06,2024,2024-07
TXN20237,2025-05-25,Enterprise Solutions,North America,Administrative,119200.94,35924.36,35624.01,7927.18,5293.22,0.21,83276.58,47652.57,10007.04,37645.53,69.86,31.58,35011.57,2025,2025-05
TXN20238,2024-05-23,Consumer Hardware,North America,Operations,102958.41,31084.79,23853.9,19779.77,1928.9,0.21,71873.62,48019.72,10084.14,37935.58,69.81,36.85,20084.71,2024,2024-05
TXN20239,2025-08-31,SaaS Subscriptions,LATAM,R&D,116145.86,41204.74,38264.2,13182.99,2411.88,0.21,74941.12,36676.92,7702.15,28974.77,64.52,24.95,18203.66,2025,2025-08
TXN20240,2024-07-19,Enterprise Solutions,APAC,R&D,105931.48,32751.93,48210.86,5444.51,2465.39,0.21,73179.55,24968.69,5243.42,19725.27,69.08,18.62,16746.15,2024,2024-07
TXN20241,2024-05-03,Consumer Hardware,North America,Sales & Marketing,283875.34,92829.06,65148.83,33031.47,7086.26,0.21,191046.28,125897.45,26438.46,99458.99,67.3,35.04,73513.78,2024,2024-05
TXN20242,2024-07-05,Consumer Hardware,APAC,Sales & Marketing,155037.58,59645.31,48156.83,8823.25,2716.25,0.21,95392.27,47235.44,9919.44,37316.0,61.53,24.07,31209.0,2024,2024-07
TXN20243,2024-11-21,Cloud Services,LATAM,R&D,67352.8,33719.94,16365.24,8862.4,2229.66,0.21,33632.86,17267.62,3626.2,13641.42,49.94,20.25,7008.68,2024,2024-11
TXN20244,2025-04-08,Consulting,North America,Operations,340730.79,150947.88,109168.8,34339.91,15955.02,0.21,189782.91,80614.11,16928.96,63685.15,55.7,18.69,45300.26,2025,2025-04
TXN20245,2024-12-14,Enterprise Solutions,APAC,Sales & Marketing,315135.77,134930.71,110166.95,38136.23,8226.69,0.21,180205.06,70038.11,14708.0,55330.11,57.18,17.56,25420.57,2024,2024-12
TXN20246,2025-10-21,Cloud Services,North America,Administrative,328325.68,122587.69,67143.88,46614.22,6379.31,0.21,205737.99,138594.11,29104.76,109489.35,62.66,33.35,69254.44,2025,2025-10
TXN20247,2025-02-06,SaaS Subscriptions,LATAM,Administrative,348472.35,185714.31,116600.55,62836.59,6088.12,0.21,162758.04,46157.49,9693.07,36464.42,46.71,10.46,-20284.05,2025,2025-02
TXN20248,2024-12-11,Consulting,LATAM,Operations,102168.57,40791.19,29975.71,15252.26,3419.36,0.21,61377.38,31401.67,6594.35,24807.32,60.07,24.28,12974.42,2024,2024-12
TXN20249,2025-05-25,Enterprise Solutions,North America,Sales & Marketing,168872.61,54338.68,58431.17,19438.47,5340.18,0.21,114533.93,56102.76,11781.58,44321.18,67.82,26.25,30222.89,2025,2025-05
TXN20250,2024-05-26,Consumer Hardware,APAC,Administrative,277471.54,126046.06,74848.34,47978.76,5763.76,0.21,151425.48,76577.14,16081.2,60495.94,54.57,21.8,18280.94,2024,2024-05
TXN20251,2024-05-27,Enterprise Solutions,EMEA,Sales & Marketing,258806.19,85007.38,84657.62,48095.85,5983.91,0.21,173798.81,89141.19,18719.65,70421.54,67.15,27.21,28309.6,2024,2024-05
TXN20252,2025-12-11,Consumer Hardware,EMEA,Sales & Marketing,96168.77,37150.55,20133.81,6536.01,2323.49,0.21,59018.22,38884.41,8165.73,30718.68,61.37,31.94,26506.16,2025,2025-12
TXN20253,2025-05-03,Consulting,North America,Administrative,294749.94,125814.89,73773.51,38255.58,6759.25,0.21,168935.05,95161.54,19983.92,75177.62,57.31,25.51,43681.29,2025,2025-05
TXN20254,2025-10-01,Consumer Hardware,APAC,R&D,117332.17,60843.26,24645.91,10873.97,1675.08,0.21,56488.91,31843.0,6687.03,25155.97,48.14,21.44,15957.08,2025,2025-10
TXN20255,2025-07-04,SaaS Subscriptions,EMEA,Administrative,117145.28,49597.75,40567.58,6684.21,4823.93,0.21,67547.53,26979.95,5665.79,21314.16,57.66,18.19,19453.88,2025,2025-07
TXN20256,2024-12-03,Consumer Hardware,LATAM,Operations,211092.33,100388.06,68087.0,31723.38,7251.76,0.21,110704.27,42617.27,8949.63,33667.64,52.44,15.95,9196.02,2024,2024-12
TXN20257,2025-10-02,SaaS Subscriptions,APAC,COGS,227881.98,124925.86,74718.43,40885.59,10151.78,0.21,102956.12,28237.69,5929.91,22307.78,45.18,9.79,-8426.03,2025,2025-10
TXN20258,2025-04-17,Consulting,EMEA,Administrative,224025.86,74572.0,76324.44,16675.45,4712.85,0.21,149453.86,73129.42,15357.18,57772.24,66.71,25.79,45809.64,2025,2025-04
TXN20259,2024-05-30,Consulting,APAC,Sales & Marketing,77446.05,28553.03,16477.85,13310.04,2118.5,0.21,48893.02,32415.17,6807.19,25607.98,63.13,33.07,14416.44,2024,2024-05
TXN20260,2025-02-18,Enterprise Solutions,North America,Sales & Marketing,313238.26,124870.56,80765.24,55759.34,9477.94,0.21,188367.7,107602.46,22596.52,85005.94,60.14,27.14,38724.54,2025,2025-02
TXN20261,2024-10-24,SaaS Subscriptions,APAC,Administrative,129680.01,52579.67,27317.77,24269.75,1680.07,0.21,77100.34,49782.57,10454.34,39328.23,59.45,30.33,16738.55,2024,2024-10
TXN20262,2025-09-02,SaaS Subscriptions,EMEA,COGS,88854.48,35786.61,20580.38,7978.49,2458.99,0.21,53067.87,32487.49,6822.37,25665.12,59.72,28.88,20145.62,2025,2025-09
TXN20263,2024-09-19,Cloud Services,North America,Administrative,316624.42,166830.28,74218.31,58763.26,6988.0,0.21,149794.14,75575.83,15870.92,59704.91,47.31,18.86,7929.65,2024,2024-09
TXN20264,2024-05-23,Cloud Services,APAC,COGS,336695.45,161111.52,91031.03,33029.63,13153.85,0.21,175583.93,84552.9,17756.11,66796.79,52.15,19.84,46921.01,2024,2024-05
TXN20265,2024-12-11,Cloud Services,LATAM,COGS,308638.29,139497.19,74160.94,41002.81,4758.25,0.21,169141.1,94980.16,19945.83,75034.33,54.8,24.31,38789.77,2024,2024-12
TXN20266,2025-09-15,Consumer Hardware,EMEA,Operations,292854.82,110506.77,63006.75,16861.44,7200.62,0.21,182348.05,119341.3,25061.67,94279.63,62.27,32.19,84618.81,2025,2025-09
TXN20267,2025-07-25,Cloud Services,North America,Sales & Marketing,246572.59,124752.81,55509.33,13951.61,4895.81,0.21,121819.78,66310.45,13925.19,52385.26,49.41,21.25,43329.46,2025,2025-07
TXN20268,2024-01-02,SaaS Subscriptions,APAC,Sales & Marketing,215257.21,115973.08,47806.76,34022.69,6964.56,0.21,99284.13,51477.37,10810.25,40667.12,46.12,18.89,13608.99,2024,2024-01
TXN20269,2024-10-30,Consumer Hardware,LATAM,COGS,76096.03,38451.29,26326.3,8878.28,2185.02,0.21,37644.74,11318.44,2376.87,8941.57,49.47,11.75,2248.31,2024,2024-10
TXN20270,2024-09-10,Consulting,EMEA,Sales & Marketing,172535.96,51828.3,54157.98,15259.75,7918.9,0.21,120707.66,66549.68,13975.43,52574.25,69.96,30.47,45233.4,2024,2024-09
TXN20271,2025-10-13,Enterprise Solutions,LATAM,R&D,161806.56,74285.44,55849.83,12711.85,7827.28,0.21,87521.12,31671.29,6650.97,25020.32,54.09,15.46,20135.75,2025,2025-10
TXN20272,2025-03-28,Cloud Services,APAC,COGS,127926.14,40013.23,34023.37,19251.99,2621.1,0.21,87912.91,53889.54,11316.8,42572.74,68.72,33.28,25941.85,2025,2025-03
TXN20273,2024-02-06,Consulting,APAC,Sales & Marketing,267026.03,97304.77,64554.95,13367.39,8415.01,0.21,169721.26,105166.31,22084.93,83081.38,63.56,31.11,78129.0,2024,2024-02
TXN20274,2024-06-08,SaaS Subscriptions,North America,R&D,198762.72,62586.64,63553.18,33965.3,9505.04,0.21,136176.08,72622.9,15250.81,57372.09,68.51,28.86,32911.83,2024,2024-06
TXN20275,2024-01-09,Enterprise Solutions,LATAM,Operations,74313.86,33511.75,18499.55,4599.09,1392.39,0.21,40802.11,22302.56,4683.54,17619.02,54.91,23.71,14412.32,2024,2024-01
TXN20276,2024-08-20,Consulting,North America,Sales & Marketing,116054.96,54737.03,28422.73,9136.25,2662.58,0.21,61317.93,32895.2,6907.99,25987.21,52.84,22.39,19513.54,2024,2024-08
TXN20277,2024-04-08,Enterprise Solutions,EMEA,R&D,254977.63,83791.24,59888.1,27521.13,6109.67,0.21,171186.39,111298.29,23372.64,87925.65,67.14,34.48,66514.19,2024,2024-04
TXN20278,2025-10-20,Cloud Services,North America,Administrative,72839.26,28841.41,15984.71,8939.48,1270.67,0.21,43997.85,28013.14,5882.76,22130.38,60.4,30.38,14461.57,2025,2025-10
TXN20279,2024-07-26,SaaS Subscriptions,EMEA,Administrative,305362.07,126437.95,72819.53,31528.41,3752.13,0.21,178924.12,106104.59,22281.96,83822.63,58.59,27.45,56046.35,2024,2024-07
TXN20280,2024-05-10,Enterprise Solutions,APAC,R&D,198543.96,77881.5,50290.78,19478.52,3621.59,0.21,120662.46,70371.68,14778.05,55593.63,60.77,28.0,39736.7,2024,2024-05
TXN20281,2025-02-07,Consulting,APAC,COGS,194175.97,64127.83,58466.22,37784.2,4571.69,0.21,130048.14,71581.92,15032.2,56549.72,66.97,29.12,23337.21,2025,2025-02
TXN20282,2024-05-31,Cloud Services,LATAM,COGS,227722.34,92167.64,47681.58,33301.42,4499.23,0.21,135554.7,87873.12,18453.36,69419.76,59.53,30.48,40617.57,2024,2024-05
TXN20283,2024-02-23,Cloud Services,EMEA,Sales & Marketing,297404.29,145072.18,68871.71,15915.57,4622.0,0.21,152332.11,83460.4,17526.68,65933.72,51.22,22.17,54640.15,2024,2024-02
TXN20284,2024-04-29,Consulting,APAC,Administrative,154342.76,49042.71,49598.59,17676.32,6811.15,0.21,105300.05,55701.46,11697.31,44004.15,68.22,28.51,33138.98,2024,2024-04
TXN20285,2025-11-03,Consulting,LATAM,COGS,253404.85,81100.95,56265.58,45929.96,6779.5,0.21,172303.9,116038.32,24368.05,91670.27,68.0,36.18,52519.81,2025,2025-11
TXN20286,2025-09-19,Enterprise Solutions,LATAM,COGS,219719.59,85403.43,55236.8,20921.35,3232.46,0.21,134316.16,79079.36,16606.67,62472.69,61.13,28.43,44783.8,2025,2025-09
TXN20287,2025-08-09,Consumer Hardware,North America,Administrative,130108.48,69664.17,42896.62,8350.81,4933.51,0.21,60444.31,17547.69,3685.01,13862.68,46.46,10.65,10445.38,2025,2025-08
TXN20288,2025-09-16,Cloud Services,LATAM,Operations,313589.0,146490.96,70005.23,51352.62,8076.2,0.21,167098.04,97092.81,20389.49,76703.32,53.29,24.46,33426.9,2025,2025-09
TXN20289,2025-02-23,Enterprise Solutions,APAC,COGS,289227.81,135840.9,61435.03,40752.8,8946.3,0.21,153386.91,91951.88,19309.89,72641.99,53.03,25.12,40835.49,2025,2025-02
TXN20290,2025-02-25,Consulting,North America,R&D,247535.55,96657.68,67498.17,33552.67,3395.3,0.21,150877.87,83379.7,17509.74,65869.96,60.95,26.61,35712.59,2025,2025-02
TXN20291,2024-04-13,Enterprise Solutions,EMEA,Sales & Marketing,305174.52,136844.89,74878.51,17711.26,5600.41,0.21,168329.63,93451.12,19624.74,73826.38,55.16,24.19,61715.53,2024,2024-04
TXN20292,2024-09-10,Consulting,EMEA,COGS,310188.26,93842.12,88252.05,22046.58,12600.55,0.21,216346.14,128094.09,26899.76,101194.33,69.75,32.62,91748.3,2024,2024-09
TXN20293,2024-08-14,SaaS Subscriptions,APAC,COGS,262508.89,120497.89,84152.67,37639.16,12051.79,0.21,142011.0,57858.33,12150.25,45708.08,54.1,17.41,20120.71,2024,2024-08
TXN20294,2024-04-21,Consulting,APAC,Operations,301104.0,159079.79,66415.19,24441.69,8106.55,0.21,142024.21,75609.02,15877.89,59731.13,47.17,19.84,43395.99,2024,2024-04
TXN20295,2025-05-24,Consulting,North America,R&D,259241.44,117473.54,74429.48,32563.45,9421.01,0.21,141767.9,67338.42,14141.07,53197.35,54.69,20.52,30054.91,2025,2025-05
TXN20296,2025-04-17,Consulting,North America,Sales & Marketing,254042.23,131701.75,70071.53,33465.56,4144.61,0.21,122340.48,52268.95,10976.48,41292.47,48.16,16.25,11971.52,2025,2025-04
TXN20297,2024-04-08,Consumer Hardware,APAC,COGS,235583.41,113314.03,52208.07,21797.61,5293.25,0.21,122269.38,70061.31,14712.88,55348.43,51.9,23.49,38844.07,2024,2024-04
TXN20298,2024-06-01,Consulting,APAC,Sales & Marketing,275814.99,91057.45,80979.22,53029.23,5924.3,0.21,184757.54,103778.32,21793.45,81984.87,66.99,29.72,34879.94,2024,2024-06
TXN20299,2024-12-03,Cloud Services,EMEA,Administrative,97581.53,51290.15,23521.64,17210.42,1602.34,0.21,46291.38,22769.74,4781.65,17988.09,47.44,18.43,2380.01,2024,2024-12
TXN20300,2025-12-06,Cloud Services,EMEA,COGS,314261.23,99498.55,85848.36,49765.16,11248.74,0.21,214762.68,128914.32,27072.01,101842.31,68.34,32.41,63325.89,2025,2025-12
TXN20301,2024-06-11,Enterprise Solutions,EMEA,COGS,311553.06,135055.72,66155.44,19222.54,4201.12,0.21,176497.34,110341.9,23171.8,87170.1,56.65,27.98,72148.68,2024,2024-06
TXN20302,2025-12-20,Consumer Hardware,APAC,Administrative,58774.18,19720.75,15806.59,3874.37,1531.11,0.21,39053.43,23246.84,4881.84,18365.0,66.45,31.25,16021.74,2025,2025-12
TXN20303,2025-11-11,Enterprise Solutions,LATAM,Operations,297745.03,90194.9,73236.2,36895.73,10535.6,0.21,207550.13,134313.93,28205.93,106108.0,69.71,35.64,79747.87,2025,2025-11
TXN20304,2024-06-09,Cloud Services,APAC,COGS,88660.96,35952.78,28669.16,6570.4,1966.22,0.21,52708.18,24039.02,5048.19,18990.83,59.45,21.42,14386.65,2024,2024-06
TXN20305,2025-08-02,Cloud Services,APAC,Sales & Marketing,150535.66,56264.23,31393.73,29616.36,4639.97,0.21,94271.43,62877.7,13204.32,49673.38,62.62,33.0,24696.99,2025,2025-08
TXN20306,2025-02-01,SaaS Subscriptions,EMEA,R&D,273052.48,115091.65,71755.76,20145.28,10722.38,0.21,157960.83,86205.07,18103.06,68102.01,57.85,24.94,58679.11,2025,2025-02
TXN20307,2024-10-03,Consulting,APAC,Sales & Marketing,98227.97,43642.68,26400.21,12093.84,2786.85,0.21,54585.29,28185.08,5918.87,22266.21,55.57,22.67,12959.22,2024,2024-10
TXN20308,2025-05-18,Cloud Services,North America,Operations,295390.11,91847.05,91201.96,30903.17,6111.83,0.21,203543.06,112341.1,23591.63,88749.47,68.91,30.04,63958.13,2025,2025-05
TXN20309,2025-01-26,Enterprise Solutions,APAC,R&D,299640.25,99106.26,85740.0,43719.9,6997.28,0.21,200533.99,114793.99,24106.74,90687.25,66.92,30.27,53964.63,2025,2025-01
TXN20310,2024-05-14,Enterprise Solutions,APAC,Sales & Marketing,202240.32,88917.1,60688.65,14026.47,5610.62,0.21,113323.22,52634.57,11053.26,41581.31,56.03,20.56,33165.46,2024,2024-05
TXN20311,2024-07-13,Consulting,APAC,Sales & Marketing,51915.76,20028.68,16434.32,5946.82,1330.07,0.21,31887.08,15452.76,3245.08,12207.68,61.42,23.51,7590.93,2024,2024-07
TXN20312,2025-02-04,Consulting,APAC,Administrative,136111.44,65645.65,44825.64,12414.15,3499.25,0.21,70465.79,25640.15,5384.43,20255.72,51.77,14.88,11340.82,2025,2025-02
TXN20313,2025-10-01,SaaS Subscriptions,LATAM,Operations,235078.08,108858.29,58083.4,43057.54,8551.21,0.21,126219.79,68136.39,14308.64,53827.75,53.69,22.9,19321.42,2025,2025-10
TXN20314,2024-02-02,Consumer Hardware,APAC,Administrative,344355.85,176103.96,96661.86,19314.18,6315.55,0.21,168251.89,71590.03,15033.91,56556.12,48.86,16.42,43557.49,2024,2024-02
TXN20315,2025-11-18,Enterprise Solutions,North America,R&D,239544.06,113333.85,78095.25,44808.9,9631.7,0.21,126210.21,48114.96,10104.14,38010.82,52.69,15.87,2833.62,2025,2025-11
TXN20316,2025-04-04,Consulting,North America,Administrative,127941.07,52133.78,44576.93,22383.18,2230.68,0.21,75807.29,31230.36,6558.38,24671.98,59.25,19.28,4519.48,2025,2025-04
TXN20317,2025-04-14,Enterprise Solutions,APAC,Operations,240201.71,112472.45,80089.95,22731.63,8779.32,0.21,127729.26,47639.31,10004.26,37635.05,53.18,15.67,23682.74,2025,2025-04
TXN20318,2025-01-09,Consulting,EMEA,COGS,211995.61,78193.58,54211.54,35698.7,7676.04,0.21,133802.03,79590.49,16714.0,62876.49,63.12,29.66,34853.83,2025,2025-01
TXN20319,2024-01-22,Cloud Services,LATAM,COGS,283953.62,106930.79,65103.46,15527.16,5129.72,0.21,177022.83,111919.37,23503.07,88416.3,62.34,31.14,78018.86,2024,2024-01
TXN20320,2025-10-31,Enterprise Solutions,APAC,R&D,82094.19,40821.03,22445.28,16010.82,1538.68,0.21,41273.16,18827.88,3953.85,14874.03,50.28,18.12,401.89,2025,2025-10
TXN20321,2024-02-07,Cloud Services,APAC,COGS,278308.37,114553.08,86622.43,35898.79,9976.13,0.21,163755.29,77132.86,16197.9,60934.96,58.84,21.89,35012.3,2024,2024-02
TXN20322,2024-08-17,Enterprise Solutions,APAC,Administrative,212379.97,106103.99,58167.77,20280.62,7053.43,0.21,106275.98,48108.21,10102.72,38005.49,50.04,17.9,24778.3,2024,2024-08
TXN20323,2024-12-30,Consumer Hardware,EMEA,R&D,338897.6,171348.52,48210.86,35376.67,10970.49,0.21,167549.08,119338.22,25061.03,94277.19,49.44,27.82,69871.01,2024,2024-12
TXN20324,2025-07-16,SaaS Subscriptions,EMEA,Operations,152561.65,78476.28,49694.6,9147.72,4071.56,0.21,74085.37,24390.77,5122.06,19268.71,48.56,12.63,14192.55,2025,2025-07
TXN20325,2025-03-13,Cloud Services,EMEA,R&D,239786.57,126885.17,60956.28,47574.24,4585.15,0.21,112901.4,51945.12,10908.48,41036.64,47.08,17.11,-1952.45,2025,2025-03
TXN20326,2024-10-09,Consulting,LATAM,R&D,329608.43,134396.62,108431.02,18423.07,15786.68,0.21,195211.81,86780.79,18223.97,68556.82,59.23,20.8,65920.43,2024,2024-10
TXN20327,2024-01-27,Consumer Hardware,North America,Sales & Marketing,80752.92,30663.23,21078.18,11970.5,3000.06,0.21,50089.69,29011.51,6092.42,22919.09,62.03,28.38,13948.65,2024,2024-01
TXN20328,2024-08-13,Enterprise Solutions,LATAM,Sales & Marketing,331168.55,147552.04,82538.78,38551.46,7901.57,0.21,183616.51,101077.73,21226.32,79851.41,55.45,24.11,49201.52,2024,2024-08
TXN20329,2024-10-03,Cloud Services,EMEA,R&D,256365.72,100698.69,68731.26,49308.72,9252.56,0.21,155667.03,86935.77,18256.51,68679.26,60.72,26.79,28623.1,2024,2024-10
TXN20330,2025-08-31,Enterprise Solutions,North America,COGS,70351.12,31676.9,22116.07,6113.51,2106.17,0.21,38674.22,16558.15,3477.21,13080.94,54.97,18.59,9073.6,2025,2025-08
TXN20331,2024-10-10,Enterprise Solutions,North America,Sales & Marketing,140289.07,66833.22,30709.32,18211.35,2838.74,0.21,73455.85,42746.53,8976.77,33769.76,52.36,24.07,18397.15,2024,2024-10
TXN20332,2025-04-25,Enterprise Solutions,EMEA,Operations,262451.63,123903.74,60222.91,32111.86,3955.22,0.21,138547.89,78324.98,16448.25,61876.73,52.79,23.58,33720.09,2025,2025-04
TXN20333,2025-03-28,SaaS Subscriptions,EMEA,Administrative,70205.18,27635.44,24060.49,10911.99,2228.98,0.21,42569.74,18509.25,3886.94,14622.31,60.64,20.83,5939.3,2025,2025-03
TXN20334,2025-10-20,SaaS Subscriptions,LATAM,Sales & Marketing,224651.14,76766.67,50843.89,13524.34,5274.63,0.21,147884.47,97040.58,20378.52,76662.06,65.83,34.12,68412.35,2025,2025-10
TXN20335,2025-05-30,Consulting,EMEA,R&D,153764.92,62679.55,43847.47,12157.94,2291.05,0.21,91085.37,47237.9,9919.96,37317.94,59.24,24.27,27451.05,2025,2025-05
TXN20336,2025-06-30,Cloud Services,North America,COGS,236274.66,79305.24,67786.53,19418.17,6399.81,0.21,156969.42,89182.89,18728.41,70454.48,66.44,29.82,57436.12,2025,2025-06
TXN20337,2024-07-10,Consumer Hardware,APAC,Administrative,63722.61,33296.61,17424.54,10241.66,2232.7,0.21,30426.0,13001.46,2730.31,10271.15,47.75,16.12,2262.19,2024,2024-07
TXN20338,2024-02-18,Consumer Hardware,EMEA,Sales & Marketing,311461.04,120370.15,92414.16,24409.45,10905.3,0.21,191090.89,98676.73,20722.11,77954.62,61.35,25.03,64450.47,2024,2024-02
TXN20339,2025-05-26,Consumer Hardware,EMEA,COGS,342046.69,115822.12,80201.06,46526.48,9104.08,0.21,226224.57,146023.51,30664.94,115358.57,66.14,33.73,77936.17,2025,2025-05
TXN20340,2024-01-17,Enterprise Solutions,LATAM,COGS,340663.36,104366.29,96373.44,28032.02,13584.37,0.21,236297.07,139923.63,29383.96,110539.67,69.36,32.45,96092.02,2024,2024-01
TXN20341,2024-06-20,SaaS Subscriptions,LATAM,COGS,274895.55,126852.09,70325.43,49273.31,3643.08,0.21,148043.46,77718.03,16320.79,61397.24,53.85,22.33,15767.01,2024,2024-06
TXN20342,2024-08-07,Cloud Services,EMEA,R&D,89025.87,40882.96,26641.0,17033.13,2816.08,0.21,48142.91,21501.91,4515.4,16986.51,54.08,19.08,2769.46,2024,2024-08
TXN20343,2024-06-06,Enterprise Solutions,North America,Operations,277478.96,106871.31,61373.78,35454.58,7900.95,0.21,170607.65,109233.87,22939.11,86294.76,61.48,31.1,58741.13,2024,2024-06
TXN20344,2025-04-21,SaaS Subscriptions,North America,COGS,57376.07,18241.46,16388.42,5900.92,1706.58,0.21,39134.61,22746.19,4776.7,17969.49,68.21,31.32,13775.15,2025,2025-04
TXN20345,2024-02-15,SaaS Subscriptions,APAC,Administrative,56637.07,22791.16,12901.39,4820.31,1062.94,0.21,33845.91,20944.52,4398.35,16546.17,59.76,29.21,12788.8,2024,2024-02
TXN20346,2025-01-07,Cloud Services,EMEA,Sales & Marketing,147083.07,55568.63,35564.16,8452.44,2262.77,0.21,91514.44,55950.28,11749.56,44200.72,62.22,30.05,38011.05,2025,2025-01
TXN20347,2025-06-01,Cloud Services,LATAM,Administrative,196592.96,92257.17,45768.11,17747.43,6350.61,0.21,104335.79,58567.68,12299.21,46268.47,53.07,23.54,34871.65,2025,2025-06
TXN20348,2024-04-08,Cloud Services,North America,R&D,281122.23,126911.17,63934.41,41644.14,6206.51,0.21,154211.06,90276.65,18958.1,71318.55,54.86,25.37,35880.92,2024,2024-04
TXN20349,2024-02-06,Enterprise Solutions,APAC,R&D,254988.61,99738.4,82579.76,33159.37,11380.44,0.21,155250.21,72670.45,15260.79,57409.66,60.89,22.51,35630.73,2024,2024-02
TXN20350,2024-10-06,Consulting,EMEA,Administrative,183770.81,65141.82,44629.87,35211.63,4846.14,0.21,118628.99,73999.12,15539.82,58459.3,64.55,31.81,28093.81,2024,2024-10
TXN20351,2024-12-14,Cloud Services,North America,Operations,132088.0,72253.32,44786.89,14455.92,5258.84,0.21,59834.68,15047.79,3160.04,11887.75,45.3,9.0,2690.67,2024,2024-12
TXN20352,2025-05-11,Consulting,EMEA,R&D,349137.35,144368.44,120623.11,53794.91,15732.4,0.21,204768.91,84145.8,17670.62,66475.18,58.65,19.04,28412.67,2025,2025-05
TXN20353,2024-10-28,Enterprise Solutions,EMEA,R&D,177854.39,83959.47,50811.06,21946.95,5889.79,0.21,93894.92,43083.86,9047.61,34036.25,52.79,19.14,17979.09,2024,2024-10
TXN20354,2024-06-29,Consulting,North America,Administrative,185416.11,62140.03,41060.43,23526.79,3687.45,0.21,123276.08,82215.65,17265.29,64950.36,66.49,35.03,45111.02,2024,2024-06
TXN20355,2025-08-29,Consumer Hardware,North America,R&D,99087.15,41755.07,25384.37,8934.31,2573.04,0.21,57332.08,31947.71,6709.02,25238.69,57.86,25.47,18877.42,2025,2025-08
TXN20356,2024-04-08,Consulting,North America,Operations,288442.86,88518.55,92203.6,34106.24,12014.55,0.21,199924.31,107720.71,22621.35,85099.36,69.31,29.5,63007.67,2024,2024-04
TXN20357,2025-11-30,Cloud Services,EMEA,Operations,258104.67,110046.48,65844.72,31132.0,5752.53,0.21,148058.19,82213.47,17264.83,64948.64,57.36,25.16,39569.17,2025,2025-11
TXN20358,2024-04-25,Enterprise Solutions,EMEA,Operations,116230.88,62881.41,24763.29,18131.6,2199.28,0.21,53349.47,28586.18,6003.1,22583.08,45.9,19.43,6650.76,2024,2024-04
TXN20359,2024-07-09,Cloud Services,APAC,Sales & Marketing,74714.31,29590.73,21182.83,14277.61,1261.84,0.21,45123.58,23940.75,5027.56,18913.19,60.39,25.31,5897.42,2024,2024-07
TXN20360,2024-09-09,Consumer Hardware,LATAM,Operations,254149.79,78722.64,83048.05,25262.03,11747.85,0.21,175427.15,92379.1,19399.61,72979.49,69.03,28.72,59465.31,2024,2024-09
TXN20361,2024-06-09,Cloud Services,EMEA,Operations,246353.36,75812.53,78682.54,13877.1,4650.42,0.21,170540.83,91858.29,19290.24,72568.05,69.23,29.46,63341.37,2024,2024-06
TXN20362,2024-09-12,Cloud Services,LATAM,Sales & Marketing,131977.86,52394.77,29862.43,16423.89,3428.83,0.21,79583.09,49720.66,10441.34,39279.32,60.3,29.76,26284.26,2024,2024-09
TXN20363,2024-11-18,Cloud Services,North America,COGS,335259.07,113990.17,100884.38,44143.29,9212.71,0.21,221268.9,120384.52,25280.75,95103.77,66.0,28.37,60173.19,2024,2024-11
TXN20364,2024-05-07,SaaS Subscriptions,EMEA,R&D,95317.37,29151.68,22216.16,7174.16,2011.94,0.21,66165.69,43949.53,9229.4,34720.13,69.42,36.43,29557.91,2024,2024-05
TXN20365,2024-01-18,Consumer Hardware,APAC,Operations,179700.44,87883.11,41821.89,29483.4,4933.11,0.21,91817.33,49995.44,10499.04,39496.4,51.09,21.98,14946.11,2024,2024-01
TXN20366,2025-07-19,Cloud Services,APAC,R&D,333084.78,138107.19,110287.96,65863.97,6254.36,0.21,194977.59,84689.63,17784.82,66904.81,58.54,20.09,7295.2,2025,2025-07
TXN20367,2025-07-23,Cloud Services,LATAM,Administrative,175918.2,65496.31,41771.84,33752.76,4568.61,0.21,110421.89,68650.05,14416.51,54233.54,62.77,30.83,25049.39,2025,2025-07
TXN20368,2024-11-18,Cloud Services,North America,R&D,241557.78,126822.86,57849.97,19219.76,7358.7,0.21,114734.92,56884.95,11945.84,44939.11,47.5,18.6,33078.05,2024,2024-11
TXN20369,2025-11-16,Enterprise Solutions,LATAM,Sales & Marketing,169278.32,55698.45,33872.25,30690.92,4498.96,0.21,113579.87,79707.62,16738.6,62969.02,67.1,37.2,36777.06,2025,2025-11
TXN20370,2025-09-17,SaaS Subscriptions,North America,R&D,132264.56,71287.91,43726.71,20590.16,2932.01,0.21,60976.65,17249.94,3622.49,13627.45,46.1,10.3,-4030.7,2025,2025-09
TXN20371,2024-10-14,Enterprise Solutions,APAC,R&D,345193.29,130652.79,110078.42,40759.38,15382.57,0.21,214540.5,104462.08,21937.04,82525.04,62.15,23.91,57148.23,2024,2024-10
TXN20372,2025-10-24,SaaS Subscriptions,LATAM,R&D,172800.2,90219.14,50820.43,22652.66,5875.58,0.21,82581.06,31760.63,6669.73,25090.9,47.79,14.52,8313.82,2025,2025-10
TXN20373,2025-09-30,Cloud Services,APAC,COGS,318229.76,143437.52,99459.49,56466.7,13743.86,0.21,174792.24,75332.75,15819.88,59512.87,54.93,18.7,16790.03,2025,2025-09
TXN20374,2024-06-03,Consumer Hardware,APAC,COGS,118986.38,60287.64,26511.03,14518.75,2612.08,0.21,58698.74,32187.71,6759.42,25428.29,49.33,21.37,13521.62,2024,2024-06
TXN20375,2025-05-04,Consulting,North America,Administrative,113931.41,62206.93,30618.9,12074.58,3190.59,0.21,51724.48,21105.58,4432.17,16673.41,45.4,14.63,7789.42,2025,2025-05
TXN20376,2025-01-20,Consulting,LATAM,Sales & Marketing,59340.22,22080.58,14994.26,7357.42,2127.74,0.21,37259.64,22265.38,4675.73,17589.65,62.79,29.64,12359.97,2025,2025-01
TXN20377,2024-04-13,Cloud Services,LATAM,R&D,245500.05,132639.72,52553.33,33601.46,7356.99,0.21,112860.33,60307.0,12664.47,47642.53,45.97,19.41,21398.06,2024,2024-04
TXN20378,2025-01-27,Enterprise Solutions,APAC,R&D,160557.9,63800.97,43819.39,12581.58,4154.78,0.21,96756.93,52937.54,11116.88,41820.66,60.26,26.05,33393.86,2025,2025-01
TXN20379,2024-09-02,Consumer Hardware,APAC,R&D,309307.47,122602.67,104580.24,57264.0,8098.83,0.21,186704.8,82124.56,17246.16,64878.4,60.36,20.98,15713.23,2024,2024-09
TXN20380,2024-06-24,SaaS Subscriptions,North America,R&D,191962.97,73924.32,39546.07,29010.99,3532.14,0.21,118038.65,78492.58,16483.44,62009.14,61.49,32.3,36530.29,2024,2024-06
TXN20381,2024-02-08,Cloud Services,EMEA,COGS,340458.03,148219.05,82976.14,49363.12,7366.33,0.21,192238.98,109262.84,22945.2,86317.64,56.46,25.35,44320.85,2024,2024-02
TXN20382,2025-04-21,Consumer Hardware,EMEA,Administrative,105657.65,35768.95,24420.77,6859.76,1921.59,0.21,69888.7,45467.93,9548.27,35919.66,66.15,34.0,30981.49,2025,2025-04
TXN20383,2025-11-12,Consumer Hardware,APAC,Operations,310586.95,136169.98,73212.18,43676.63,5626.94,0.21,174416.97,101204.79,21253.01,79951.78,56.16,25.74,41902.09,2025,2025-11
TXN20384,2025-06-21,SaaS Subscriptions,EMEA,Sales & Marketing,282979.06,123216.5,95156.0,19283.35,12951.33,0.21,159762.56,64606.56,13567.38,51039.18,56.46,18.04,44707.16,2025,2025-06
TXN20385,2025-02-11,Consumer Hardware,EMEA,R&D,281276.55,137959.24,76003.84,17384.2,4331.17,0.21,143317.31,67313.47,14135.83,53177.64,50.95,18.91,40124.61,2025,2025-02
TXN20386,2025-06-08,Enterprise Solutions,EMEA,Administrative,303434.97,154270.13,81910.73,39172.43,9645.9,0.21,149164.84,67254.11,14123.36,53130.75,49.16,17.51,23604.22,2025,2025-06
TXN20387,2025-05-20,Enterprise Solutions,EMEA,Operations,278307.2,114136.66,87412.49,30730.08,5881.29,0.21,164170.54,76758.05,16119.19,60638.86,58.99,21.79,35790.07,2025,2025-05
TXN20388,2024-02-05,Enterprise Solutions,APAC,Administrative,237866.1,89338.54,53085.49,32902.0,4483.1,0.21,148527.56,95442.07,20042.83,75399.24,62.44,31.7,46980.34,2024,2024-02
TXN20389,2025-11-15,Consumer Hardware,EMEA,COGS,89373.46,32606.45,24406.98,5664.79,1370.56,0.21,56767.01,32360.03,6795.61,25564.42,63.52,28.6,21270.19,2025,2025-11
TXN20390,2024-01-20,Enterprise Solutions,EMEA,Operations,59757.85,20834.93,15805.82,6851.09,1217.01,0.21,38922.92,23117.1,4854.59,18262.51,65.13,30.56,12628.43,2024,2024-01
TXN20391,2024-11-16,SaaS Subscriptions,North America,Administrative,326254.35,102578.25,94462.58,24866.46,11981.83,0.21,223676.1,129213.52,27134.84,102078.68,68.56,31.29,89194.05,2024,2024-11
TXN20392,2025-05-26,Consumer Hardware,APAC,COGS,234995.09,90616.93,82232.69,46544.31,11389.35,0.21,144378.16,62145.47,13050.55,49094.92,61.44,20.89,13939.96,2025,2025-05
TXN20393,2025-02-03,Consulting,LATAM,Administrative,288961.19,106211.13,91143.37,38770.65,6576.24,0.21,182750.06,91606.69,19237.4,72369.29,63.24,25.04,40174.88,2025,2025-02
TXN20394,2025-10-15,Consumer Hardware,LATAM,Administrative,194456.71,105318.6,50496.49,29774.34,4865.58,0.21,89138.11,38641.62,8114.74,30526.88,45.84,15.7,5618.12,2025,2025-10
TXN20395,2025-04-15,SaaS Subscriptions,North America,Operations,85192.46,37435.88,27613.68,8418.1,2679.42,0.21,47756.58,20142.9,4230.01,15912.89,56.06,18.68,10174.21,2025,2025-04
TXN20396,2024-05-22,Consulting,North America,COGS,87555.74,33868.25,19753.12,5622.03,2713.24,0.21,53687.49,33934.37,7126.22,26808.15,61.32,30.62,23899.36,2024,2024-05
TXN20397,2024-04-01,Consumer Hardware,APAC,R&D,255669.59,113802.85,52302.21,50208.55,6604.72,0.21,141866.74,89564.53,18808.55,70755.98,55.49,27.67,27152.15,2024,2024-04
TXN20398,2024-12-19,Enterprise Solutions,LATAM,Sales & Marketing,179091.77,59959.78,41310.61,16644.58,4185.08,0.21,119131.99,77821.38,16342.49,61478.89,66.52,34.33,49019.39,2024,2024-12
TXN20399,2025-12-27,Cloud Services,EMEA,Operations,110157.42,45275.9,27656.31,12510.71,3237.86,0.21,64881.52,37225.21,7817.29,29407.92,58.9,26.7,20135.07,2025,2025-12
TXN20400,2024-02-20,Cloud Services,North America,COGS,197478.36,90160.44,54619.97,29124.03,7359.25,0.21,107317.92,52697.95,11066.57,41631.38,54.34,21.08,19866.6,2024,2024-02
TXN20401,2025-10-26,Enterprise Solutions,LATAM,Administrative,69262.68,29244.4,20243.36,3719.72,1031.48,0.21,40018.28,19774.92,4152.73,15622.19,57.78,22.55,12933.95,2025,2025-10
TXN20402,2025-11-28,Cloud Services,APAC,COGS,224591.42,89936.44,75595.42,38526.16,6825.44,0.21,134654.98,59059.56,12402.51,46657.05,59.96,20.77,14956.33,2025,2025-11
TXN20403,2025-07-28,Cloud Services,EMEA,Sales & Marketing,130698.02,71682.91,36135.14,17054.36,5085.09,0.21,59015.11,22879.97,4804.79,18075.18,45.15,13.83,6105.91,2025,2025-07
TXN20404,2024-07-08,Enterprise Solutions,APAC,Sales & Marketing,289267.73,150441.98,79603.98,26535.27,9873.38,0.21,138825.75,59221.77,12436.57,46785.2,47.99,16.17,30123.31,2024,2024-07
TXN20405,2024-05-04,Enterprise Solutions,North America,R&D,143108.59,65236.26,29700.25,8477.92,3097.26,0.21,77872.33,48172.08,10116.14,38055.94,54.41,26.59,32675.28,2024,2024-05
TXN20406,2024-05-29,Consumer Hardware,LATAM,R&D,186566.04,82526.43,38290.21,13875.81,3942.53,0.21,104039.61,65749.4,13807.37,51942.03,55.77,27.84,42008.75,2024,2024-05
TXN20407,2024-11-09,Consumer Hardware,LATAM,Sales & Marketing,53486.16,24345.04,15119.15,9855.1,1281.76,0.21,29141.12,14021.97,2944.61,11077.36,54.48,20.71,2504.02,2024,2024-11
TXN20408,2025-07-23,Enterprise Solutions,LATAM,Operations,71734.07,25130.45,19061.66,10968.4,1945.28,0.21,46603.62,27541.96,5783.81,21758.15,64.97,30.33,12735.03,2025,2025-07
TXN20409,2024-12-07,SaaS Subscriptions,LATAM,Operations,167748.07,66895.32,54665.25,14675.48,6315.93,0.21,100852.75,46187.5,9699.38,36488.12,60.12,21.75,28128.57,2024,2024-12
TXN20410,2024-10-31,Cloud Services,EMEA,Administrative,193981.65,60108.1,43471.66,11607.88,3992.28,0.21,133873.55,90401.89,18984.4,71417.49,69.01,36.82,63801.89,2024,2024-10
TXN20411,2025-11-22,Consumer Hardware,EMEA,R&D,230006.16,96346.48,48210.86,35327.18,5689.86,0.21,133659.68,85448.82,17944.25,67504.57,58.11,29.35,37867.25,2025,2025-11
TXN20412,2025-11-12,Cloud Services,APAC,Administrative,137498.77,59915.94,36761.1,18680.74,5004.04,0.21,77582.83,40821.73,8572.56,32249.17,56.42,23.45,18572.47,2025,2025-11
TXN20413,2024-02-23,Consulting,EMEA,R&D,258494.57,92266.39,60906.95,28609.64,3987.49,0.21,166228.18,105321.23,22117.46,83203.77,64.31,32.19,58581.62,2024,2024-02
TXN20414,2025-03-19,Enterprise Solutions,North America,Sales & Marketing,308036.72,166650.09,63899.8,32202.69,6080.37,0.21,141386.63,77486.83,16272.23,61214.6,45.9,19.87,35092.28,2025,2025-03
TXN20415,2025-09-04,SaaS Subscriptions,North America,Operations,283955.3,149747.7,87654.09,23432.6,7959.17,0.21,134207.6,46553.51,9776.24,36777.27,47.26,12.95,21303.84,2025,2025-09
TXN20416,2024-09-20,Consulting,LATAM,Operations,61885.65,29738.27,13413.03,9310.18,1592.75,0.21,32147.38,18734.35,3934.21,14800.14,51.95,23.92,7082.71,2024,2024-09
TXN20417,2024-02-22,Consulting,North America,Sales & Marketing,194152.08,84135.16,56546.39,37976.19,4240.23,0.21,110016.92,53470.53,11228.81,42241.72,56.67,21.76,8505.76,2024,2024-02
TXN20418,2025-07-25,Consulting,APAC,Administrative,81479.05,42164.78,19730.76,6221.52,2249.8,0.21,39314.27,19583.51,4112.54,15470.97,48.25,18.99,11499.25,2025,2025-07
TXN20419,2025-09-11,Enterprise Solutions,EMEA,Administrative,122613.5,40788.99,27713.64,17112.86,3817.52,0.21,81824.51,54110.87,11363.28,42747.59,66.73,34.86,29452.25,2025,2025-09
TXN20420,2024-01-05,Consumer Hardware,EMEA,COGS,345998.78,172178.49,88908.79,39315.07,8163.0,0.21,173820.29,84911.5,17831.42,67080.08,50.24,19.39,35928.01,2024,2024-01
TXN20421,2024-04-12,Enterprise Solutions,EMEA,R&D,92748.66,30718.84,29699.69,10851.9,4190.67,0.21,62029.82,32330.13,6789.33,25540.8,66.88,27.54,18879.57,2024,2024-04
TXN20422,2024-07-14,Consumer Hardware,North America,Administrative,199666.45,99544.24,51676.48,17595.02,7716.14,0.21,100122.21,48445.73,10173.6,38272.13,50.14,19.17,28393.25,2024,2024-07
TXN20423,2024-12-15,Consulting,EMEA,Sales & Marketing,235446.72,86866.16,73604.28,40913.63,4461.1,0.21,148580.56,74976.28,15745.02,59231.26,63.11,25.16,22778.73,2024,2024-12
TXN20424,2024-02-16,Consulting,LATAM,Administrative,260739.49,135394.89,57055.78,32015.77,4182.49,0.21,125344.6,68288.82,14340.65,53948.17,48.07,20.69,26114.89,2024,2024-02
TXN20425,2025-10-17,SaaS Subscriptions,LATAM,Operations,217894.61,116793.8,68836.33,28655.51,9983.88,0.21,101100.81,32264.48,6775.54,25488.94,46.4,11.7,6817.31,2025,2025-10
TXN20426,2024-09-25,Consumer Hardware,LATAM,R&D,52931.25,17848.37,12467.43,5066.27,1818.16,0.21,35082.88,22615.45,4749.24,17866.21,66.28,33.75,14618.1,2024,2024-09
TXN20427,2025-01-04,Consulting,North America,COGS,147938.39,61493.39,44619.55,11431.39,2666.94,0.21,86445.0,41825.45,8783.34,33042.11,58.43,22.34,24277.66,2025,2025-01
TXN20428,2025-09-27,Cloud Services,EMEA,R&D,205313.49,111946.53,58487.09,12911.46,3012.08,0.21,93366.96,34879.87,7324.77,27555.1,45.48,13.42,17655.72,2025,2025-09
TXN20429,2024-04-15,SaaS Subscriptions,North America,Operations,76359.95,32136.23,25914.41,11997.51,1713.2,0.21,44223.72,18309.31,3844.96,14464.35,57.91,18.94,4180.04,2024,2024-04
TXN20430,2025-10-31,Enterprise Solutions,EMEA,Operations,155188.08,80059.49,40053.79,12327.39,5992.1,0.21,75128.59,35074.8,7365.71,27709.09,48.41,17.86,21373.8,2025,2025-10
TXN20431,2025-10-20,SaaS Subscriptions,APAC,Operations,59960.93,26813.5,12587.29,9204.68,855.93,0.21,33147.43,20560.14,4317.63,16242.51,55.28,27.09,7893.76,2025,2025-10
TXN20432,2025-10-18,Cloud Services,APAC,Operations,73573.55,28975.65,14926.11,7986.88,1496.41,0.21,44597.9,29671.79,6231.08,23440.71,60.62,31.86,16950.24,2025,2025-10
TXN20433,2024-04-29,Consumer Hardware,North America,Sales & Marketing,169076.98,62802.95,54785.81,18998.54,7387.42,0.21,106274.03,51488.22,10812.53,40675.69,62.86,24.06,29064.57,2024,2024-04
TXN20434,2025-08-26,Enterprise Solutions,LATAM,COGS,89814.73,31507.52,25032.29,10811.59,1302.68,0.21,58307.21,33274.92,6987.73,26287.19,64.92,29.27,16778.28,2025,2025-08
TXN20435,2024-02-27,Enterprise Solutions,North America,Operations,220262.25,108027.52,69666.0,23161.96,7694.53,0.21,112234.73,42568.73,8939.43,33629.3,50.96,15.27,18161.87,2024,2024-02
TXN20436,2024-12-11,Consumer Hardware,LATAM,Operations,256839.49,101871.56,60399.36,16718.45,4693.18,0.21,154967.93,94568.57,19859.4,74709.17,60.34,29.09,62683.9,2024,2024-12
TXN20437,2025-04-18,SaaS Subscriptions,EMEA,Administrative,290176.01,124142.77,73055.46,27985.96,9952.6,0.21,166033.24,92977.78,19525.33,73452.45,57.22,25.31,55419.09,2025,2025-04
TXN20438,2024-04-26,Consulting,LATAM,COGS,110045.07,46558.02,22505.93,16458.36,1763.25,0.21,63487.05,40981.12,8606.04,32375.08,57.69,29.42,17679.97,2024,2024-04
TXN20439,2024-05-06,SaaS Subscriptions,LATAM,R&D,100244.77,44540.73,48210.86,15023.45,4095.1,0.21,55704.04,7493.18,1573.57,5919.61,55.57,5.91,-5008.74,2024,2024-05
TXN20440,2025-01-27,Cloud Services,EMEA,COGS,81370.35,42019.18,24425.77,7562.04,2868.12,0.21,39351.17,14925.4,3134.33,11791.07,48.36,14.49,7097.15,2025,2025-01
TXN20441,2025-10-02,Consulting,APAC,COGS,240929.07,131350.88,81911.25,28674.27,5909.84,0.21,109578.19,27666.94,5810.06,21856.88,45.48,9.07,-907.55,2025,2025-10
TXN20442,2024-02-27,SaaS Subscriptions,EMEA,COGS,261942.72,105273.74,62820.27,20697.95,3359.62,0.21,156668.98,93848.71,19708.23,74140.48,59.81,28.3,56802.15,2024,2024-02
TXN20443,2025-09-25,Consumer Hardware,North America,Operations,59475.84,30147.1,17350.27,4850.6,1577.57,0.21,29328.74,11978.47,2515.48,9462.99,49.31,15.91,6189.96,2025,2025-09
TXN20444,2025-05-27,Cloud Services,North America,Operations,330863.67,162497.72,99846.38,17687.0,7879.81,0.21,168365.95,68519.57,14389.11,54130.46,50.89,16.36,44323.27,2025,2025-05
TXN20445,2024-04-05,Cloud Services,North America,Sales & Marketing,65591.39,29082.06,16242.56,12102.4,2126.11,0.21,36509.33,20266.77,4256.02,16010.75,55.66,24.41,6034.46,2024,2024-04
TXN20446,2025-09-29,Cloud Services,North America,R&D,212388.9,114480.12,69497.13,17332.21,9037.16,0.21,97908.78,28411.65,5966.45,22445.2,46.1,10.57,14150.15,2025,2025-09
TXN20447,2024-04-27,Consulting,North America,Administrative,262718.16,91982.52,89869.11,22102.5,8600.69,0.21,170735.64,80866.53,16981.97,63884.56,64.99,24.32,50382.75,2024,2024-04
TXN20448,2025-07-13,Enterprise Solutions,APAC,COGS,311290.74,101890.46,103575.23,28620.14,11460.73,0.21,209400.28,105825.05,22223.26,83601.79,67.27,26.86,66442.38,2025,2025-07
TXN20449,2025-08-23,Consulting,APAC,R&D,264226.08,135677.58,82137.33,18260.98,9070.09,0.21,128548.5,46411.17,9746.35,36664.82,48.65,13.88,27473.93,2025,2025-08
TXN20450,2025-05-02,SaaS Subscriptions,LATAM,R&D,290518.42,119050.81,70194.98,42383.57,9315.98,0.21,171467.61,101272.63,21267.25,80005.38,59.02,27.54,46937.79,2025,2025-05
TXN20451,2024-08-24,Enterprise Solutions,North America,Sales & Marketing,151835.06,77700.41,36780.89,9303.15,3402.24,0.21,74134.65,37353.76,7844.29,29509.47,48.83,19.44,23608.56,2024,2024-08
TXN20452,2024-09-28,SaaS Subscriptions,EMEA,Administrative,294447.53,154076.31,101438.37,20649.71,7866.0,0.21,140371.22,38932.85,8175.9,30756.95,47.67,10.45,17973.24,2024,2024-09
TXN20453,2024-07-07,Enterprise Solutions,North America,COGS,74034.45,23366.34,14921.1,10861.85,1141.52,0.21,50668.11,35747.01,7506.87,28240.14,68.44,38.14,18519.81,2024,2024-07
TXN20454,2025-12-04,Consulting,APAC,Administrative,318445.0,165867.23,97892.38,32146.73,10143.53,0.21,152577.77,54685.39,11483.93,43201.46,47.91,13.57,21198.26,2025,2025-12
TXN20455,2025-03-22,Cloud Services,North America,Sales & Marketing,214277.71,88299.51,65555.46,33468.5,6222.19,0.21,125978.2,60422.74,12688.78,47733.96,58.79,22.28,20487.65,2025,2025-03
TXN20456,2025-08-03,Consumer Hardware,APAC,Operations,295189.33,126225.36,86609.56,39441.34,8142.34,0.21,168963.97,82354.41,17294.43,65059.98,57.24,22.04,33760.98,2025,2025-08
TXN20457,2024-09-03,Cloud Services,LATAM,R&D,185695.49,84797.5,64717.91,16416.07,3825.72,0.21,100897.99,36180.08,7597.82,28582.26,54.34,15.39,15991.91,2024,2024-09
TXN20458,2024-03-16,Consulting,LATAM,COGS,243073.31,129216.71,59986.1,35883.5,7309.93,0.21,113856.6,53870.5,11312.8,42557.7,46.84,17.51,13984.13,2024,2024-03
TXN20459,2024-06-02,Enterprise Solutions,LATAM,Operations,207920.8,63369.9,52187.24,14022.4,3724.79,0.21,144550.9,92363.66,19396.37,72967.29,69.52,35.09,62669.68,2024,2024-06
TXN20460,2025-10-17,Cloud Services,APAC,Sales & Marketing,269476.86,112967.63,57086.22,35156.37,3978.65,0.21,156509.23,99423.01,20878.83,78544.18,58.08,29.15,47366.46,2025,2025-10
TXN20461,2025-03-10,Consulting,North America,Administrative,74488.99,35153.63,19845.34,8608.86,1811.4,0.21,39335.36,19490.02,4092.9,15397.12,52.81,20.67,8599.66,2025,2025-03
TXN20462,2024-03-26,SaaS Subscriptions,North America,R&D,68105.63,32736.79,16287.96,6141.84,1185.4,0.21,35368.84,19080.88,4006.98,15073.9,51.93,22.13,10117.46,2024,2024-03
TXN20463,2025-11-27,Consumer Hardware,EMEA,COGS,124130.97,58730.47,31219.93,17452.91,3383.8,0.21,65400.5,34180.57,7177.92,27002.65,52.69,21.75,12933.54,2025,2025-11
TXN20464,2024-10-11,Cloud Services,APAC,Operations,97863.4,32648.09,31823.79,17683.92,2773.33,0.21,65215.31,33391.52,7012.22,26379.3,66.64,26.96,11468.71,2024,2024-10
TXN20465,2024-08-07,Enterprise Solutions,EMEA,Operations,311535.07,116778.58,106022.45,62255.83,10060.59,0.21,194756.49,88734.04,18634.15,70099.89,62.52,22.5,17904.65,2024,2024-08
TXN20466,2024-03-09,SaaS Subscriptions,LATAM,R&D,115764.2,45110.86,26378.03,16341.79,2735.85,0.21,70653.34,44275.31,9297.82,34977.49,61.03,30.21,21371.55,2024,2024-03
TXN20467,2024-02-16,Consulting,North America,Administrative,342759.58,171760.01,87704.07,37945.5,6170.29,0.21,170999.57,83295.5,17492.06,65803.44,49.89,19.2,34028.23,2024,2024-02
TXN20468,2024-04-03,Consumer Hardware,APAC,Sales & Marketing,151068.74,55848.6,51256.8,12656.7,3361.17,0.21,95220.14,43963.34,9232.3,34731.04,63.03,22.99,25435.51,2024,2024-04
TXN20469,2025-03-28,Enterprise Solutions,EMEA,Administrative,104635.37,36902.41,21897.18,9266.97,3022.73,0.21,67732.96,45835.78,9625.51,36210.27,64.73,34.61,29966.03,2025,2025-03
TXN20470,2024-07-22,Consulting,EMEA,Administrative,286909.55,154748.11,61356.78,34979.51,5729.03,0.21,132161.44,70804.66,14868.98,55935.68,46.06,19.5,26685.2,2024,2024-07
TXN20471,2024-08-05,Consulting,EMEA,Administrative,247612.33,74832.36,55568.83,26021.99,5068.4,0.21,172779.97,117211.14,24614.34,92596.8,69.78,37.4,71643.21,2024,2024-08
TXN20472,2025-04-18,Cloud Services,North America,R&D,199458.71,109593.63,57699.8,37313.18,3090.47,0.21,89865.08,32165.28,6754.71,25410.57,45.05,12.74,-8812.14,2025,2025-04
TXN20473,2025-03-07,Cloud Services,North America,R&D,216609.07,101634.13,48210.86,22796.87,4811.33,0.21,114974.94,66764.08,14020.46,52743.62,53.08,24.35,34758.08,2025,2025-03
TXN20474,2024-12-06,Enterprise Solutions,North America,Sales & Marketing,265760.53,134771.77,91743.58,28175.05,9671.33,0.21,130988.76,39245.18,8241.49,31003.69,49.29,11.67,12499.97,2024,2024-12
TXN20475,2025-07-04,Consulting,APAC,Administrative,118536.42,44291.71,31650.08,12746.24,3351.24,0.21,74244.71,42594.63,8944.87,33649.76,62.63,28.39,24254.76,2025,2025-07
TXN20476,2025-09-03,Cloud Services,North America,R&D,348900.17,105918.7,96026.99,61229.55,11590.76,0.21,242981.47,146954.48,30860.44,116094.04,69.64,33.27,66455.25,2025,2025-09
TXN20477,2024-10-15,Consumer Hardware,APAC,Sales & Marketing,342437.95,165900.02,81157.38,50550.09,5498.27,0.21,176537.93,95380.55,20029.92,75350.63,51.55,22.0,30298.81,2024,2024-10
TXN20478,2024-09-10,Consumer Hardware,EMEA,Sales & Marketing,245097.71,124641.04,66334.23,34834.59,4989.81,0.21,120456.67,54122.44,11365.71,42756.73,49.15,17.44,12911.95,2024,2024-09
TXN20479,2024-12-22,Consulting,EMEA,Administrative,109862.74,53296.5,32880.49,10999.62,4309.75,0.21,56566.24,23685.75,4974.01,18711.74,51.49,17.03,12021.87,2024,2024-12
TXN20480,2024-01-23,Cloud Services,LATAM,COGS,254068.47,85293.98,79441.26,43873.97,11496.51,0.21,168774.49,89333.23,18759.98,70573.25,66.43,27.78,38195.79,2024,2024-01
TXN20481,2025-06-05,Enterprise Solutions,North America,Administrative,71659.52,34995.43,22435.18,3995.35,1426.73,0.21,36664.09,14228.91,2988.07,11240.84,51.16,15.69,8672.22,2025,2025-06
TXN20482,2024-04-09,Enterprise Solutions,EMEA,COGS,59195.75,29137.97,16970.45,10691.91,1693.06,0.21,30057.78,13087.33,2748.34,10338.99,50.78,17.47,1340.14,2024,2024-04
TXN20483,2024-06-28,Enterprise Solutions,North America,Sales & Marketing,127304.87,59150.31,42730.38,16156.58,3051.7,0.21,68154.56,25424.18,5339.08,20085.1,53.54,15.78,6980.22,2024,2024-06
TXN20484,2024-08-10,Consumer Hardware,APAC,R&D,188786.89,92794.23,60904.76,20717.01,3411.11,0.21,95992.66,35087.9,7368.46,27719.44,50.85,14.68,10413.54,2024,2024-08
TXN20485,2025-10-20,Cloud Services,EMEA,Operations,310481.75,158805.32,97353.79,38678.29,8036.59,0.21,151676.43,54322.64,11407.75,42914.89,48.85,13.82,12273.19,2025,2025-10
TXN20486,2025-03-17,Cloud Services,North America,Sales & Marketing,268150.72,121579.81,55866.74,40252.73,3596.07,0.21,146570.91,90704.17,19047.88,71656.29,54.66,26.72,34999.63,2025,2025-03
TXN20487,2025-08-30,Consumer Hardware,EMEA,R&D,272811.96,87886.69,54843.85,14162.98,6635.74,0.21,184925.27,130081.42,27317.1,102764.32,67.78,37.67,95237.08,2025,2025-08
TXN20488,2024-11-20,Enterprise Solutions,EMEA,Sales & Marketing,177648.0,74950.93,41190.73,32106.82,4257.99,0.21,102697.07,61506.34,12916.33,48590.01,57.81,27.35,20741.18,2024,2024-11
TXN20489,2025-05-30,Enterprise Solutions,North America,Administrative,153780.5,49119.39,46061.65,17994.0,2965.61,0.21,104661.11,58599.46,12305.89,46293.57,68.06,30.1,31265.18,2025,2025-05
TXN20490,2024-01-16,Consulting,EMEA,COGS,161311.63,64828.85,42211.97,16364.25,2149.61,0.21,96482.78,54270.81,11396.87,42873.94,59.81,26.58,28659.3,2024,2024-01
TXN20491,2024-12-01,SaaS Subscriptions,EMEA,Sales & Marketing,346294.87,139133.18,90161.66,24495.8,11794.56,0.21,207161.69,117000.03,24570.01,92430.02,59.82,26.69,79728.78,2024,2024-12
TXN20492,2024-09-14,Cloud Services,EMEA,R&D,62032.76,19633.52,20637.56,7190.83,1395.5,0.21,42399.24,21761.68,4569.95,17191.73,68.35,27.71,11396.4,2024,2024-09
TXN20493,2025-05-11,Cloud Services,EMEA,Administrative,310109.45,120075.97,103680.26,38592.63,11469.28,0.21,190033.48,86353.22,18134.18,68219.04,61.28,22.0,41095.69,2025,2025-05
TXN20494,2024-06-08,Cloud Services,APAC,Operations,223602.62,73285.65,75214.62,24718.6,6294.88,0.21,150316.97,75102.35,15771.49,59330.86,67.23,26.53,40907.14,2024,2024-06
TXN20495,2025-04-19,SaaS Subscriptions,EMEA,Administrative,181584.63,91166.16,44866.24,27564.37,4870.17,0.21,90418.47,45552.23,9565.97,35986.26,49.79,19.82,13292.06,2025,2025-04
TXN20496,2025-10-25,Consulting,LATAM,COGS,267577.3,143668.14,81252.09,30272.22,6627.36,0.21,123909.16,42657.07,8957.98,33699.09,46.31,12.59,10054.23,2025,2025-10
TXN20497,2025-11-20,SaaS Subscriptions,EMEA,Administrative,196000.68,62343.72,47186.18,38065.81,2769.54,0.21,133656.96,86470.78,18158.86,68311.92,68.19,34.85,33015.65,2025,2025-11
TXN20498,2025-11-05,Enterprise Solutions,North America,Operations,312026.97,168113.52,71326.71,43649.96,5156.56,0.21,143913.45,72586.74,15243.22,57343.52,46.12,18.38,18850.12,2025,2025-11
TXN20499,2025-01-14,Enterprise Solutions,LATAM,R&D,320210.56,137896.8,72910.3,54794.97,5016.66,0.21,182313.76,109403.46,22974.73,86428.73,56.94,26.99,36650.42,2025,2025-01
TXN20500,2025-06-28,Cloud Services,APAC,Sales & Marketing,176516.28,66174.44,44361.39,11721.28,4116.82,0.21,110341.84,65980.45,13855.89,52124.56,62.51,29.53,44520.1,2025,2025-06
TXN20501,2025-11-21,Consumer Hardware,LATAM,COGS,133048.34,42471.09,35190.44,14581.26,4076.05,0.21,90577.25,55386.81,11631.23,43755.58,68.08,32.89,33250.37,2025,2025-11
TXN20502,2025-03-02,Cloud Services,LATAM,Operations,227705.1,96810.2,73922.72,22890.55,5646.26,0.21,130894.9,56972.18,11964.16,45008.02,57.48,19.77,27763.73,2025,2025-03
TXN20503,2025-09-04,Consumer Hardware,LATAM,COGS,323709.0,161410.66,70563.27,43837.44,3613.33,0.21,162298.34,91735.07,19264.36,72470.71,50.14,22.39,32246.6,2025,2025-09
TXN20504,2024-09-24,SaaS Subscriptions,North America,Administrative,113198.66,53969.91,35118.62,20281.47,3578.37,0.21,59228.75,24110.13,5063.13,19047.0,52.32,16.83,2343.9,2024,2024-09
TXN20505,2025-07-30,Enterprise Solutions,North America,COGS,236889.98,74041.5,66262.45,14628.13,7327.03,0.21,162848.48,96586.03,20283.07,76302.96,68.74,32.21,69001.86,2025,2025-07
TXN20506,2025-02-20,Consumer Hardware,North America,Operations,239468.07,76204.84,58236.67,14580.31,8519.27,0.21,163263.23,105026.56,22055.58,82970.98,68.18,34.65,76909.94,2025,2025-02
TXN20507,2024-06-16,SaaS Subscriptions,APAC,Sales & Marketing,269933.91,108167.46,73941.09,47926.13,8055.67,0.21,161766.45,87825.36,18443.33,69382.03,59.93,25.7,29511.57,2024,2024-06
TXN20508,2024-02-12,Enterprise Solutions,North America,Sales & Marketing,89470.31,33446.02,21919.45,7330.08,2128.76,0.21,56024.29,34104.84,7162.02,26942.82,62.62,30.11,21741.5,2024,2024-02
TXN20509,2025-07-09,Consumer Hardware,North America,COGS,264747.49,94805.04,76621.18,39794.99,8224.53,0.21,169942.45,93321.27,19597.47,73723.8,64.19,27.85,42153.34,2025,2025-07
TXN20510,2024-10-11,Cloud Services,LATAM,R&D,322709.76,119483.65,85542.8,42414.3,12214.66,0.21,203226.11,117683.31,24713.5,92969.81,62.97,28.81,62770.17,2024,2024-10
TXN20511,2025-01-31,Cloud Services,North America,COGS,103904.93,52042.93,23343.37,18176.51,3100.88,0.21,51862.0,28518.63,5988.91,22529.72,49.91,21.68,7454.09,2025,2025-01
TXN20512,2024-01-12,Cloud Services,EMEA,Administrative,121263.0,64549.14,26373.18,8338.45,2170.46,0.21,56713.86,30340.68,6371.54,23969.14,46.77,19.77,17801.15,2024,2024-01
TXN20513,2025-08-29,SaaS Subscriptions,North America,Sales & Marketing,341418.53,137002.95,96281.51,23717.47,7098.4,0.21,204415.58,108134.07,22708.15,85425.92,59.87,25.02,68806.85,2025,2025-08
TXN20514,2024-10-28,Cloud Services,APAC,Sales & Marketing,104293.09,54913.2,34975.93,13925.5,2667.38,0.21,49379.89,14403.96,3024.83,11379.13,47.35,10.91,121.01,2024,2024-10
TXN20515,2024-09-09,Consulting,APAC,Sales & Marketing,306315.53,116514.44,77067.04,58799.35,7740.78,0.21,189801.09,112734.05,23674.15,89059.9,61.96,29.07,38001.33,2024,2024-09
TXN20516,2025-05-13,Enterprise Solutions,EMEA,R&D,197683.36,82850.92,61271.96,22189.89,7622.53,0.21,114832.44,53560.48,11247.7,42312.78,58.09,21.4,27745.42,2025,2025-05
TXN20517,2024-02-04,SaaS Subscriptions,APAC,R&D,124169.32,44267.26,37101.69,12297.89,3722.11,0.21,79902.06,42800.37,8988.08,33812.29,64.35,27.23,25236.51,2024,2024-02
TXN20518,2025-12-27,Cloud Services,APAC,Operations,311224.97,143200.53,105733.47,43883.78,6003.51,0.21,168024.44,62290.97,13081.1,49209.87,53.99,15.81,11329.6,2025,2025-12
TXN20519,2024-03-30,Enterprise Solutions,LATAM,COGS,183591.58,100010.64,59327.1,34802.96,7259.15,0.21,83580.94,24253.84,5093.31,19160.53,45.53,10.44,-8383.28,2024,2024-03
TXN20520,2025-08-27,Consumer Hardware,EMEA,COGS,204445.21,92178.88,58265.0,35888.14,7609.24,0.21,112266.33,54001.33,11340.28,42661.05,54.91,20.87,14382.15,2025,2025-08
TXN20521,2025-08-24,Cloud Services,LATAM,Administrative,157770.01,61444.09,47102.96,31447.12,3718.77,0.21,96325.92,49222.96,10336.82,38886.14,61.05,24.65,11157.79,2025,2025-08
TXN20522,2025-02-21,Enterprise Solutions,LATAM,Sales & Marketing,227885.26,105272.59,76286.41,12165.72,8880.7,0.21,122612.67,46326.26,9728.51,36597.75,53.8,16.06,33312.73,2025,2025-02
TXN20523,2024-04-24,Consulting,North America,R&D,99057.16,32761.19,48210.86,6629.77,2385.76,0.21,66295.97,18085.11,3797.87,14287.24,66.93,14.42,10043.23,2024,2024-04
TXN20524,2025-09-08,Consumer Hardware,EMEA,Administrative,167324.46,87370.94,41667.0,23663.05,5788.04,0.21,79953.52,38286.52,8040.17,30246.35,47.78,18.08,12371.34,2025,2025-09
TXN20525,2024-07-14,Consulting,North America,Administrative,340823.7,145112.84,68717.44,58991.97,9244.05,0.21,195710.86,126993.42,26668.62,100324.8,57.42,29.44,50576.88,2024,2024-07
TXN20526,2025-05-15,Enterprise Solutions,North America,R&D,127440.03,52548.3,41288.36,11824.73,4233.84,0.21,74891.73,33603.37,7056.71,26546.66,58.77,20.83,18955.77,2025,2025-05
TXN20527,2025-09-17,Consulting,LATAM,COGS,247021.0,110286.53,79083.06,21214.57,9422.79,0.21,136734.47,57651.41,12106.8,45544.61,55.35,18.44,33752.83,2025,2025-09
TXN20528,2025-05-07,Enterprise Solutions,APAC,Sales & Marketing,147557.02,67314.92,31823.35,24796.42,4402.28,0.21,80242.1,48418.75,10167.94,38250.81,54.38,25.92,17856.67,2025,2025-05
TXN20529,2024-03-15,Enterprise Solutions,EMEA,COGS,282041.94,89673.53,80813.08,16487.4,8046.7,0.21,192368.41,111555.33,23426.62,88128.71,68.21,31.25,79688.01,2024,2024-03
TXN20530,2025-02-16,Consulting,APAC,Administrative,89262.1,42011.59,24064.82,9408.89,1957.07,0.21,47250.51,23185.69,4868.99,18316.7,52.93,20.52,10864.88,2025,2025-02
TXN20531,2025-01-10,Enterprise Solutions,LATAM,Sales & Marketing,340946.31,122905.32,74260.28,42915.38,9309.76,0.21,218040.99,143780.71,30193.95,113586.76,63.95,33.32,79981.14,2025,2025-01
TXN20532,2025-02-23,Cloud Services,LATAM,Operations,186136.86,89064.28,64605.36,24952.07,4652.01,0.21,97072.58,32467.22,6818.12,25649.1,52.15,13.78,5349.04,2025,2025-02
TXN20533,2025-12-29,Enterprise Solutions,LATAM,Administrative,120815.14,61088.21,28053.8,19244.92,2492.67,0.21,59726.93,31673.13,6651.36,25021.77,49.44,20.71,8269.52,2025,2025-12
TXN20534,2024-10-03,SaaS Subscriptions,LATAM,COGS,72049.02,36095.81,15136.43,7437.39,2067.22,0.21,35953.21,20816.78,4371.52,16445.26,49.9,22.83,11075.09,2024,2024-10
TXN20535,2025-11-06,Enterprise Solutions,LATAM,COGS,100927.37,44218.83,29190.93,14321.86,3574.2,0.21,56708.54,27517.61,5778.7,21738.91,56.19,21.54,10991.25,2025,2025-11
TXN20536,2025-01-28,SaaS Subscriptions,LATAM,COGS,205932.18,88559.59,64009.9,28378.76,5785.29,0.21,117372.59,53362.69,11206.16,42156.53,57.0,20.47,19563.06,2025,2025-01
TXN20537,2025-04-01,Enterprise Solutions,APAC,R&D,151100.95,50727.46,30955.53,19966.84,2212.53,0.21,100373.49,69417.96,14577.77,54840.19,66.43,36.29,37085.88,2025,2025-04
TXN20538,2024-07-10,Enterprise Solutions,North America,Administrative,298665.01,147491.69,89243.39,43626.74,7638.95,0.21,151173.32,61929.93,13005.29,48924.64,50.62,16.38,12936.85,2024,2024-07
TXN20539,2025-11-19,Consulting,APAC,Sales & Marketing,179266.26,65943.51,50166.55,15939.89,3933.58,0.21,113322.75,63156.2,13262.8,49893.4,63.21,27.83,37887.09,2025,2025-11
TXN20540,2024-04-08,Cloud Services,EMEA,COGS,124614.28,52858.12,26853.1,7812.98,1815.51,0.21,71756.16,44903.06,9429.64,35473.42,57.58,28.47,29475.95,2024,2024-04
TXN20541,2025-07-01,Cloud Services,APAC,COGS,235143.5,87254.35,53113.88,15964.07,6603.82,0.21,147889.15,94775.27,19902.81,74872.46,62.89,31.84,65512.21,2025,2025-07
TXN20542,2024-04-05,Consumer Hardware,LATAM,R&D,262033.17,87376.82,74730.85,21928.86,5620.28,0.21,174656.35,99925.5,20984.36,78941.14,66.65,30.13,62632.56,2024,2024-04
TXN20543,2025-10-25,Consulting,APAC,Sales & Marketing,100112.57,45790.43,24472.88,12517.04,2335.12,0.21,54322.14,29849.26,6268.34,23580.92,54.26,23.55,13399.0,2025,2025-10
TXN20544,2025-10-24,Consulting,North America,Administrative,100285.76,31447.91,34172.11,17656.95,3027.17,0.21,68837.85,34665.74,7279.81,27385.93,68.64,27.31,12756.15,2025,2025-10
TXN20545,2024-07-08,Cloud Services,EMEA,Operations,61001.43,29717.54,19691.93,9467.06,2918.5,0.21,31283.89,11591.96,2434.31,9157.65,51.28,15.01,2609.09,2024,2024-07
TXN20546,2024-02-06,Consulting,APAC,R&D,270920.6,102786.38,94154.41,45611.13,8390.03,0.21,168134.22,73979.81,15535.76,58444.05,62.06,21.57,21222.95,2024,2024-02
TXN20547,2025-01-03,Cloud Services,North America,Administrative,249141.36,74750.8,59532.48,25573.45,3452.78,0.21,174390.56,114858.08,24120.2,90737.88,70.0,36.42,68617.21,2025,2025-01
TXN20548,2025-11-25,Consulting,APAC,Operations,192389.26,82300.72,66462.51,21297.12,3920.13,0.21,110088.54,43626.03,9161.47,34464.56,57.22,17.91,17087.57,2025,2025-11
TXN20549,2025-06-08,Enterprise Solutions,EMEA,COGS,303251.13,94527.31,80266.05,33070.23,8755.05,0.21,208723.82,128457.77,26976.13,101481.64,68.83,33.46,77166.46,2025,2025-06
TXN20550,2024-10-05,Cloud Services,APAC,COGS,291701.05,107650.05,73545.95,22980.49,8085.37,0.21,184051.0,110505.05,23206.06,87298.99,63.1,29.93,72403.87,2024,2024-10
TXN20551,2024-08-04,Cloud Services,LATAM,Sales & Marketing,225606.31,107556.48,46825.14,13351.95,4302.1,0.21,118049.83,71224.69,14957.18,56267.51,52.33,24.94,47217.66,2024,2024-08
TXN20552,2024-09-29,SaaS Subscriptions,APAC,Operations,310481.38,98010.41,64553.67,43044.34,6015.39,0.21,212470.97,147917.3,31062.63,116854.67,68.43,37.64,79825.72,2024,2024-09
TXN20553,2024-03-02,Consulting,North America,COGS,111752.36,56975.22,33950.56,22169.71,1880.63,0.21,54777.14,20826.58,4373.58,16453.0,49.02,14.72,-3836.08,2024,2024-03
TXN20554,2025-08-18,Consulting,APAC,COGS,83575.89,25152.58,22455.95,6270.24,2282.75,0.21,58423.31,35967.36,7553.15,28414.21,69.9,34.0,24426.72,2025,2025-08
TXN20555,2025-12-29,Cloud Services,North America,Sales & Marketing,130924.88,47356.31,30633.57,7463.07,3077.88,0.21,83568.57,52935.0,11116.35,41818.65,63.83,31.94,37433.46,2025,2025-12
TXN20556,2024-12-07,Enterprise Solutions,EMEA,Administrative,67126.06,32571.31,19607.22,11205.34,1273.59,0.21,34554.75,14947.53,3138.98,11808.55,51.48,17.59,1876.8,2024,2024-12
TXN20557,2025-01-31,Enterprise Solutions,APAC,COGS,209350.86,79358.11,49810.58,18399.41,3007.76,0.21,129992.75,80182.17,16838.26,63343.91,62.09,30.26,47952.26,2025,2025-01
TXN20558,2025-11-29,Enterprise Solutions,EMEA,R&D,330981.71,107725.64,94874.17,57738.62,5916.09,0.21,223256.07,128381.9,26960.2,101421.7,67.45,30.64,49599.17,2025,2025-11
TXN20559,2024-01-19,Consulting,EMEA,R&D,61803.06,24106.81,15690.64,9615.97,943.05,0.21,37696.25,22005.61,4621.18,17384.43,60.99,28.13,8711.51,2024,2024-01
TXN20560,2024-06-25,SaaS Subscriptions,APAC,Administrative,86632.97,31846.14,28028.61,16620.63,3110.36,0.21,54786.83,26758.22,5619.23,21138.99,63.24,24.4,7628.72,2024,2024-06
TXN20561,2025-09-03,Cloud Services,North America,Operations,185659.71,94812.32,59987.47,20671.18,4178.02,0.21,90847.39,30859.92,6480.58,24379.34,48.93,13.13,7886.18,2025,2025-09
TXN20562,2025-01-30,Consumer Hardware,EMEA,Sales & Marketing,330162.51,124912.68,89672.98,49291.77,6738.3,0.21,205249.83,115576.85,24271.14,91305.71,62.17,27.65,48752.24,2025,2025-01
TXN20563,2025-03-20,SaaS Subscriptions,EMEA,R&D,144846.83,72022.64,36591.62,17342.25,2464.71,0.21,72824.19,36232.57,7608.84,28623.73,50.28,19.76,13746.19,2025,2025-03
TXN20564,2024-08-20,Consumer Hardware,APAC,R&D,202170.44,105728.68,51428.92,29231.48,7497.49,0.21,96441.76,45012.84,9452.7,35560.14,47.7,17.59,13826.15,2024,2024-08
TXN20565,2024-03-16,SaaS Subscriptions,APAC,Administrative,62471.86,25516.9,20044.54,7336.68,2715.27,0.21,36954.96,16910.42,3551.19,13359.23,59.15,21.38,8737.82,2024,2024-03
TXN20566,2024-09-21,Enterprise Solutions,APAC,Operations,94502.96,49848.97,23552.68,7399.09,1720.51,0.21,44653.99,21101.31,4431.28,16670.03,47.25,17.64,10991.45,2024,2024-09
TXN20567,2025-03-30,Consulting,APAC,Operations,345989.04,136433.69,80047.65,43658.49,6624.47,0.21,209555.35,129507.7,27196.62,102311.08,60.57,29.57,65277.06,2025,2025-03
TXN20568,2025-12-18,Consumer Hardware,APAC,Administrative,339535.61,183695.42,72220.33,43897.75,5126.87,0.21,155840.19,83619.86,17560.17,66059.69,45.9,19.46,27288.81,2025,2025-12
TXN20569,2025-01-18,SaaS Subscriptions,LATAM,R&D,51481.99,16593.8,13900.34,8833.83,1378.74,0.21,34888.19,20987.85,4407.45,16580.4,67.77,32.21,9125.31,2025,2025-01
TXN20570,2025-07-17,Consulting,APAC,Sales & Marketing,335543.54,158294.28,91375.15,53797.06,4747.95,0.21,177249.26,85874.11,18033.56,67840.55,52.82,20.22,18791.44,2025,2025-07
TXN20571,2025-05-20,Consumer Hardware,North America,R&D,241735.98,102363.95,78838.88,36156.15,9234.93,0.21,139372.03,60533.15,12711.96,47821.19,57.65,19.78,20899.97,2025,2025-05
TXN20572,2025-01-01,Cloud Services,EMEA,Operations,310375.49,123191.82,72375.16,20797.66,7405.12,0.21,187183.67,114808.51,24109.79,90698.72,60.31,29.22,77306.18,2025,2025-01
TXN20573,2024-05-23,SaaS Subscriptions,North America,R&D,186421.96,85414.43,47938.16,29471.9,6704.82,0.21,101007.53,53069.37,11144.57,41924.8,54.18,22.49,19157.72,2024,2024-05
TXN20574,2024-03-09,Cloud Services,North America,Sales & Marketing,204678.81,97419.8,65755.29,25594.22,4368.73,0.21,107259.01,41503.72,8715.78,32787.94,52.4,16.02,11562.45,2024,2024-03
TXN20575,2024-04-08,Enterprise Solutions,LATAM,COGS,196653.97,59210.71,63626.12,36206.93,8297.54,0.21,137443.26,73817.14,15501.6,58315.54,69.89,29.65,30406.15,2024,2024-04
TXN20576,2025-01-30,Cloud Services,APAC,R&D,250059.28,85454.83,64438.19,47006.3,8325.16,0.21,164604.45,100166.26,21034.91,79131.35,65.83,31.65,40450.21,2025,2025-01
TXN20577,2024-01-25,Cloud Services,EMEA,Administrative,91895.38,43950.02,24707.78,5355.06,1549.63,0.21,47945.36,23237.58,4879.89,18357.69,52.17,19.98,14552.26,2024,2024-01
TXN20578,2025-04-13,SaaS Subscriptions,North America,COGS,58992.08,27525.49,14482.14,10211.31,1301.31,0.21,31466.59,16984.45,3566.73,13417.72,53.34,22.74,4507.72,2025,2025-04
TXN20579,2025-04-28,Enterprise Solutions,APAC,Administrative,142378.98,77099.91,48392.23,7924.05,3243.02,0.21,65279.07,16886.84,3546.24,13340.6,45.85,9.37,8659.57,2025,2025-04
TXN20580,2025-07-18,Cloud Services,APAC,Administrative,261404.23,128155.89,56932.94,27467.17,4296.85,0.21,133248.34,76315.4,16026.23,60289.17,50.97,23.06,37118.85,2025,2025-07
TXN20581,2024-05-30,Consulting,LATAM,Administrative,110556.04,59445.23,37595.95,14520.98,2869.5,0.21,51110.81,13514.86,2838.12,10676.74,46.23,9.66,-974.74,2024,2024-05
TXN20582,2024-05-23,Consumer Hardware,LATAM,R&D,252029.73,119874.19,76259.15,18200.36,8054.77,0.21,132155.54,55896.39,11738.24,44158.15,52.44,17.52,34012.56,2024,2024-05
TXN20583,2025-07-22,Cloud Services,LATAM,Operations,340973.61,127699.07,95382.53,55219.68,8693.27,0.21,213274.54,117892.01,24757.32,93134.69,62.55,27.31,46608.28,2025,2025-07
TXN20584,2024-02-08,Enterprise Solutions,EMEA,COGS,78170.21,25510.16,16016.99,4006.47,2318.83,0.21,52660.05,36643.06,7695.04,28948.02,67.37,37.03,27260.38,2024,2024-02
TXN20585,2024-04-18,Cloud Services,North America,Sales & Marketing,251780.64,124746.22,68318.01,18956.53,4279.24,0.21,127034.42,58716.41,12330.45,46385.96,50.45,18.42,31708.67,2024,2024-04
TXN20586,2025-11-23,Consumer Hardware,LATAM,Operations,183125.07,84427.49,47825.35,25110.02,7047.98,0.21,98697.58,50872.23,10683.17,40189.06,53.9,21.95,22127.02,2025,2025-11
TXN20587,2024-02-11,Enterprise Solutions,LATAM,R&D,310442.68,96872.55,69595.92,48788.59,5084.95,0.21,213570.13,143974.21,30234.58,113739.63,68.8,36.64,70035.99,2024,2024-02
TXN20588,2024-07-04,SaaS Subscriptions,LATAM,Administrative,103144.94,40227.83,30784.79,19339.31,3918.52,0.21,62917.11,32132.32,6747.79,25384.53,61.0,24.61,9963.74,2024,2024-07
TXN20589,2025-02-01,Enterprise Solutions,North America,Sales & Marketing,257787.79,138999.16,89110.18,40169.65,7476.08,0.21,118788.63,29678.45,6232.47,23445.98,46.08,9.1,-9247.59,2025,2025-02
TXN20590,2024-08-10,SaaS Subscriptions,North America,COGS,301434.59,128139.93,85706.39,45446.36,5511.62,0.21,173294.66,87588.27,18393.54,69194.73,57.49,22.96,29259.99,2024,2024-08
TXN20591,2025-09-25,Enterprise Solutions,LATAM,Operations,333384.27,136081.55,102419.98,36389.28,13907.5,0.21,197302.72,94882.74,19925.38,74957.36,59.18,22.48,52475.58,2025,2025-09
TXN20592,2024-05-12,Consumer Hardware,LATAM,Operations,254974.41,105667.74,53612.85,12797.84,4336.53,0.21,149306.67,95693.82,20095.7,75598.12,58.56,29.65,67136.81,2024,2024-05
TXN20593,2024-06-11,Consumer Hardware,APAC,Sales & Marketing,199152.43,70145.6,52307.4,13547.12,6061.67,0.21,129006.83,76699.43,16106.88,60592.55,64.78,30.43,53107.1,2024,2024-06
TXN20594,2024-08-02,Enterprise Solutions,LATAM,R&D,235354.17,92300.44,51178.65,30639.15,5457.92,0.21,143053.73,91875.08,19293.77,72581.31,60.78,30.84,47400.08,2024,2024-08
TXN20595,2024-08-22,Cloud Services,EMEA,COGS,310671.5,121924.06,90691.03,46995.12,8812.96,0.21,188747.44,98056.41,20591.85,77464.56,60.75,24.93,39282.4,2024,2024-08
TXN20596,2025-10-19,Consumer Hardware,EMEA,Sales & Marketing,221182.92,69249.89,75373.02,24909.01,7505.79,0.21,151933.03,76560.01,16077.6,60482.41,68.69,27.34,43079.19,2025,2025-10
TXN20597,2025-08-10,SaaS Subscriptions,LATAM,Administrative,59116.12,29078.74,17691.48,9435.04,2180.01,0.21,30037.38,12345.9,2592.64,9753.26,50.81,16.5,2498.23,2025,2025-08
TXN20598,2024-01-09,SaaS Subscriptions,North America,COGS,329284.61,133072.51,69650.43,42240.41,4093.86,0.21,196212.1,126561.67,26577.95,99983.72,59.59,30.36,61837.17,2024,2024-01
TXN20599,2024-03-14,Consulting,APAC,Operations,256858.03,129853.28,65036.43,15700.81,7597.43,0.21,127004.75,61968.32,13013.35,48954.97,49.45,19.06,40851.59,2024,2024-03
TXN20600,2025-05-06,SaaS Subscriptions,North America,Sales & Marketing,252954.02,129660.94,71484.68,19933.39,9977.92,0.21,123293.08,51808.4,10879.76,40928.64,48.74,16.18,30973.17,2025,2025-05
TXN20601,2024-09-09,Consulting,LATAM,Operations,114702.55,40489.83,29877.85,20187.62,1666.55,0.21,74212.72,44334.87,9310.32,35024.55,64.7,30.54,16503.48,2024,2024-09
TXN20602,2024-08-17,Enterprise Solutions,EMEA,Operations,247665.64,115000.66,80502.87,39313.68,5157.44,0.21,132664.98,52162.11,10954.04,41208.07,53.57,16.64,7051.83,2024,2024-08
TXN20603,2025-06-02,Enterprise Solutions,APAC,Operations,168159.32,70302.44,54181.04,30977.35,6591.84,0.21,97856.88,43675.84,9171.93,34503.91,58.19,20.52,10118.4,2025,2025-06
TXN20604,2024-06-22,Enterprise Solutions,North America,R&D,245369.89,127601.96,71592.72,16595.25,6710.25,0.21,117767.93,46175.21,9696.79,36478.42,48.0,14.87,26593.42,2024,2024-06
TXN20605,2025-10-14,Cloud Services,North America,Operations,81977.91,29014.87,20987.88,16275.35,1896.36,0.21,52963.04,31975.16,6714.78,25260.38,64.61,30.81,10881.39,2025,2025-10
TXN20606,2024-06-16,Cloud Services,LATAM,Administrative,247353.59,116120.96,58944.47,20137.3,3754.57,0.21,131232.63,72288.16,15180.51,57107.65,53.05,23.09,40724.92,2024,2024-06
TXN20607,2024-06-18,Consulting,APAC,Administrative,349824.12,158098.82,75520.43,18109.34,7603.17,0.21,191725.3,116204.87,24403.02,91801.85,54.81,26.24,81295.68,2024,2024-06
TXN20608,2025-01-27,SaaS Subscriptions,EMEA,COGS,64463.61,24098.13,16324.42,12867.8,1022.8,0.21,40365.48,24041.06,5048.62,18992.44,62.62,29.46,7147.44,2025,2025-01
TXN20609,2025-09-25,SaaS Subscriptions,LATAM,Operations,343152.26,114664.4,89897.61,31625.28,8779.58,0.21,228487.86,138590.25,29103.95,109486.3,66.58,31.91,86640.6,2025,2025-09
TXN20610,2024-07-12,Enterprise Solutions,APAC,Operations,172072.39,79654.02,51858.05,25845.77,6552.86,0.21,92418.37,40560.32,8517.67,32042.65,53.71,18.62,12749.74,2024,2024-07
TXN20611,2025-05-31,Consumer Hardware,North America,Sales & Marketing,311226.04,150835.5,92970.68,23809.52,7049.64,0.21,160390.54,67419.86,14158.17,53261.69,51.54,17.11,36501.81,2025,2025-05
TXN20612,2024-01-29,Cloud Services,LATAM,R&D,284715.65,107880.7,59937.26,39015.8,5878.56,0.21,176834.95,116897.69,24548.51,92349.18,62.11,32.44,59211.94,2024,2024-01
TXN20613,2024-06-13,Cloud Services,North America,COGS,220104.88,101514.16,57070.75,40852.62,8515.05,0.21,118590.72,61519.97,12919.19,48600.78,53.88,22.08,16263.21,2024,2024-06
TXN20614,2025-02-25,Enterprise Solutions,North America,Operations,271534.76,108283.37,61710.84,26617.79,7322.92,0.21,163251.39,101540.55,21323.52,80217.03,60.12,29.54,60922.16,2025,2025-02
TXN20615,2024-12-04,Cloud Services,LATAM,Sales & Marketing,313554.67,149973.74,70086.34,47201.92,9401.08,0.21,163580.93,93494.59,19633.86,73860.73,52.17,23.56,36059.89,2024,2024-12
TXN20616,2025-10-09,Enterprise Solutions,LATAM,R&D,171242.1,59901.14,55498.76,13388.66,5077.29,0.21,111340.96,55842.2,11726.86,44115.34,65.02,25.76,35803.97,2025,2025-10
TXN20617,2025-05-10,Consulting,LATAM,COGS,148109.95,77395.41,30553.2,21286.26,3873.72,0.21,70714.54,40161.34,8433.88,31727.46,47.74,21.42,14314.92,2025,2025-05
TXN20618,2024-12-30,SaaS Subscriptions,LATAM,COGS,250278.02,93066.48,65792.44,25144.82,3556.14,0.21,157211.54,91419.1,19198.01,72221.09,62.81,28.86,50632.41,2024,2024-12
TXN20619,2024-12-07,Consumer Hardware,LATAM,Operations,292353.78,114587.04,65847.0,23879.82,4101.68,0.21,177766.74,111919.74,23503.15,88416.59,60.81,30.24,68638.45,2024,2024-12
TXN20620,2025-05-14,SaaS Subscriptions,North America,COGS,278685.54,87653.01,92495.6,27026.17,6503.09,0.21,191032.53,98536.93,20692.76,77844.17,68.55,27.93,57321.09,2025,2025-05
TXN20621,2025-10-18,SaaS Subscriptions,EMEA,Sales & Marketing,289344.09,94869.58,82045.28,22229.2,7400.09,0.21,194474.51,112429.23,23610.14,88819.09,67.21,30.7,73989.98,2025,2025-10
TXN20622,2025-05-25,Consulting,EMEA,COGS,180674.99,77503.33,42405.7,33476.8,5706.73,0.21,103171.66,60765.96,12760.85,48005.11,57.1,26.57,20235.04,2025,2025-05
TXN20623,2024-11-22,Cloud Services,LATAM,Administrative,295350.26,108363.47,81328.86,32363.9,6882.59,0.21,186986.79,105657.93,22188.17,83469.76,63.31,28.26,57988.45,2024,2024-11
TXN20624,2024-08-04,Consumer Hardware,North America,Sales & Marketing,86062.72,43794.74,26655.6,7469.55,3077.71,0.21,42267.98,15612.38,3278.6,12333.78,49.11,14.33,7941.94,2024,2024-08
TXN20625,2024-10-27,Cloud Services,EMEA,R&D,213346.73,64787.72,73331.05,25017.29,8868.03,0.21,148559.01,75227.96,15797.87,59430.09,69.63,27.86,43280.83,2024,2024-10
TXN20626,2024-05-11,SaaS Subscriptions,EMEA,R&D,51727.6,20420.69,12055.99,5073.46,1309.5,0.21,31306.91,19250.92,4042.69,15208.23,60.52,29.4,11444.27,2024,2024-05
TXN20627,2024-03-10,Enterprise Solutions,EMEA,Operations,147375.75,56641.86,49065.41,23825.19,4206.09,0.21,90733.89,41668.48,8750.38,32918.1,61.57,22.34,13299.0,2024,2024-03
TXN20628,2024-09-08,SaaS Subscriptions,North America,Operations,159938.46,48754.35,54402.37,31297.24,5859.43,0.21,111184.11,56781.74,11924.17,44857.57,69.52,28.05,19419.76,2024,2024-09
TXN20629,2025-02-18,Cloud Services,LATAM,Administrative,168851.81,55905.5,56981.25,19537.01,4799.33,0.21,112946.31,55965.06,11752.66,44212.4,66.89,26.18,29474.72,2025,2025-02
TXN20630,2025-03-20,SaaS Subscriptions,LATAM,R&D,258640.16,104338.2,76379.58,46336.68,4459.6,0.21,154301.96,77922.38,16363.7,61558.68,59.66,23.8,19681.6,2025,2025-03
TXN20631,2024-06-30,Enterprise Solutions,LATAM,R&D,166567.43,70494.03,49049.63,22466.53,7322.15,0.21,96073.4,47023.77,9874.99,37148.78,57.68,22.3,22004.4,2024,2024-06
TXN20632,2024-06-15,Consulting,APAC,R&D,184608.09,74041.22,48087.01,13584.45,3015.93,0.21,110566.87,62479.86,13120.77,49359.09,59.89,26.74,38790.57,2024,2024-06
TXN20633,2024-03-31,Cloud Services,APAC,R&D,121263.24,52474.78,37938.38,18625.23,2171.4,0.21,68788.46,30850.08,6478.52,24371.56,56.73,20.1,7917.73,2024,2024-03
TXN20634,2025-12-14,SaaS Subscriptions,APAC,COGS,161975.54,72691.85,45303.6,20573.35,6245.24,0.21,89283.69,43980.09,9235.82,34744.27,55.12,21.45,20416.16,2025,2025-12
TXN20635,2025-06-14,Cloud Services,North America,Sales & Marketing,118180.89,35747.47,35645.21,17442.43,2858.16,0.21,82433.42,46788.21,9825.52,36962.69,69.75,31.28,22378.42,2025,2025-06
TXN20636,2024-02-08,Consulting,EMEA,Sales & Marketing,71958.78,29936.56,19016.45,13201.06,2187.46,0.21,42022.22,23005.77,4831.21,18174.56,58.4,25.26,7160.96,2024,2024-02
TXN20637,2024-05-05,SaaS Subscriptions,EMEA,Administrative,231034.58,124960.78,71557.06,26815.07,5932.12,0.21,106073.8,34516.74,7248.52,27268.22,45.91,11.8,6385.27,2024,2024-05
TXN20638,2025-03-26,SaaS Subscriptions,North America,COGS,250463.84,107638.86,81067.81,46380.05,7226.82,0.21,142824.98,61757.17,12969.01,48788.16,57.02,19.48,9634.93,2025,2025-03
TXN20639,2024-06-21,Cloud Services,North America,R&D,235847.1,110703.23,52349.91,38348.82,3989.65,0.21,125143.87,72793.96,15286.73,57507.23,53.06,24.38,23148.06,2024,2024-06
TXN20640,2025-10-14,Cloud Services,LATAM,R&D,189048.21,71453.79,61429.22,23307.89,5178.75,0.21,117594.42,56165.2,11794.69,44370.51,62.2,23.47,26241.37,2025,2025-10
TXN20641,2024-08-07,Enterprise Solutions,LATAM,Operations,163935.73,80901.93,46073.23,23030.24,4195.89,0.21,83033.8,36960.57,7761.72,29198.85,50.65,17.81,10364.5,2024,2024-08
TXN20642,2025-09-29,Consulting,APAC,Operations,309000.09,152408.23,100950.3,30540.69,12320.14,0.21,156591.86,55641.56,11684.73,43956.83,50.68,14.23,25736.28,2025,2025-09
TXN20643,2024-02-27,Enterprise Solutions,APAC,Administrative,205724.54,88528.21,54454.31,40638.74,5508.25,0.21,117196.33,62742.02,13175.82,49566.2,56.97,24.09,14435.71,2024,2024-02
TXN20644,2025-10-21,SaaS Subscriptions,North America,R&D,193754.56,105403.15,49767.04,29083.08,7184.2,0.21,88351.41,38584.37,8102.72,30481.65,45.6,15.73,8582.77,2025,2025-10
TXN20645,2025-04-20,Cloud Services,APAC,Administrative,57692.62,19118.62,19457.36,3264.08,1054.36,0.21,38574.0,19116.64,4014.49,15102.15,66.86,26.18,12892.43,2025,2025-04
TXN20646,2025-03-31,SaaS Subscriptions,EMEA,COGS,152374.35,46357.9,36215.63,15084.04,3632.68,0.21,106016.45,69800.82,14658.17,55142.65,69.58,36.19,43691.29,2025,2025-03
TXN20647,2024-12-26,SaaS Subscriptions,North America,Sales & Marketing,164058.69,80805.39,53586.79,23541.96,5810.01,0.21,83253.3,29666.51,6229.97,23436.54,50.75,14.29,5704.59,2024,2024-12
TXN20648,2024-01-01,Consumer Hardware,North America,R&D,169646.83,85126.9,46246.25,9915.86,6567.88,0.21,84519.93,38273.68,8037.47,30236.21,49.82,17.82,26888.23,2024,2024-01
TXN20649,2025-01-21,Consumer Hardware,EMEA,COGS,224051.71,73948.67,62087.94,12005.28,3409.61,0.21,150103.04,88015.1,18483.17,69531.93,66.99,31.03,60936.26,2025,2025-01
TXN20650,2024-12-13,SaaS Subscriptions,LATAM,R&D,210080.76,76972.69,51736.64,24685.25,5553.93,0.21,133108.07,81371.43,17088.0,64283.43,63.36,30.6,45152.11,2024,2024-12
TXN20651,2024-07-08,Cloud Services,LATAM,Operations,232371.53,70731.13,66448.11,23214.74,8994.61,0.21,161640.4,95192.29,19990.38,75201.91,69.56,32.36,60981.78,2024,2024-07
TXN20652,2025-05-19,SaaS Subscriptions,EMEA,Administrative,279464.98,104331.86,69525.77,32346.62,5158.31,0.21,175133.12,105607.35,22177.54,83429.81,62.67,29.85,56241.5,2025,2025-05
TXN20653,2024-07-09,Consumer Hardware,EMEA,Operations,293895.72,144974.49,60510.31,26275.45,8327.99,0.21,148921.23,88410.92,18566.29,69844.63,50.67,23.77,51897.17,2024,2024-07
TXN20654,2025-05-22,Cloud Services,APAC,Sales & Marketing,265436.92,114002.54,63917.16,19830.17,3317.58,0.21,151434.38,87517.22,18378.62,69138.6,57.05,26.05,52626.01,2025,2025-05
TXN20655,2025-01-03,SaaS Subscriptions,North America,Operations,336657.11,130294.35,67653.55,51633.61,8337.99,0.21,206362.76,138709.21,29128.93,109580.28,61.3,32.55,66284.66,2025,2025-01
TXN20656,2025-02-12,Consulting,APAC,R&D,55469.77,21796.01,19234.32,7054.96,2756.5,0.21,33673.76,14439.44,3032.28,11407.16,60.71,20.56,7108.7,2025,2025-02
TXN20657,2024-04-26,Consulting,EMEA,Operations,108733.4,32656.81,37498.03,8701.19,4339.26,0.21,76076.59,38578.56,8101.5,30477.06,69.97,28.03,26115.13,2024,2024-04
TXN20658,2024-05-13,SaaS Subscriptions,APAC,R&D,52268.86,19598.22,13551.92,5119.13,1272.56,0.21,32670.64,19118.72,4014.93,15103.79,62.5,28.9,11257.22,2024,2024-05
TXN20659,2024-02-27,Cloud Services,EMEA,Sales & Marketing,244242.41,112745.89,75533.34,33893.81,4115.67,0.21,131496.52,55963.18,11752.27,44210.91,53.84,18.1,14432.77,2024,2024-02
TXN20660,2025-07-09,SaaS Subscriptions,APAC,Operations,319409.16,173614.41,80449.88,19431.07,11424.8,0.21,145794.75,65344.87,13722.42,51622.45,45.65,16.16,43616.18,2025,2025-07
TXN20661,2025-11-15,SaaS Subscriptions,APAC,Administrative,123044.69,62969.99,36995.11,8873.73,3589.62,0.21,60074.7,23079.59,4846.71,18232.88,48.82,14.82,12948.77,2025,2025-11
TXN20662,2025-11-02,Consumer Hardware,LATAM,Administrative,328110.36,100368.55,105262.56,20010.41,5568.36,0.21,227741.81,122479.25,25720.64,96758.61,69.41,29.49,82316.56,2025,2025-11
TXN20663,2024-06-21,Consulting,EMEA,Administrative,68080.22,35717.62,23284.35,11699.42,2770.42,0.21,32362.6,9078.25,1906.43,7171.82,47.54,10.53,-1757.18,2024,2024-06
TXN20664,2024-05-28,Consumer Hardware,APAC,Operations,330330.81,163777.88,85896.53,53798.13,8433.64,0.21,166552.93,80656.4,16937.84,63718.56,50.42,19.29,18354.07,2024,2024-05
TXN20665,2024-03-20,Consumer Hardware,North America,Operations,155486.81,76980.59,49366.24,25343.87,3082.16,0.21,78506.22,29139.98,6119.4,23020.58,50.49,14.81,758.87,2024,2024-03
TXN20666,2024-07-31,SaaS Subscriptions,APAC,Operations,80426.25,33336.59,19293.39,12663.02,1378.07,0.21,47089.66,27796.27,5837.22,21959.05,58.55,27.3,10674.1,2024,2024-07
TXN20667,2024-07-21,Consumer Hardware,APAC,R&D,195761.53,78206.99,68232.65,29444.06,3851.67,0.21,117554.54,49321.89,10357.6,38964.29,60.05,19.9,13371.9,2024,2024-07
TXN20668,2024-08-16,Consulting,North America,Sales & Marketing,127032.97,47729.96,25897.63,15440.7,2782.17,0.21,79303.01,53405.38,11215.13,42190.25,62.43,33.21,29531.72,2024,2024-08
TXN20669,2025-11-06,Consumer Hardware,EMEA,Administrative,135461.87,42863.35,39355.65,19823.72,4415.82,0.21,92598.52,53242.87,11181.0,42061.87,68.36,31.05,26653.97,2025,2025-11
TXN20670,2024-08-14,Consulting,LATAM,R&D,142186.99,50769.12,42503.37,7927.53,4274.74,0.21,91417.87,48914.5,10272.04,38642.46,64.29,27.18,34989.67,2024,2024-08
TXN20671,2025-10-20,Consumer Hardware,LATAM,Administrative,290907.77,105207.06,88205.22,41663.71,11617.53,0.21,185700.71,97495.49,20474.05,77021.44,63.83,26.48,46975.26,2025,2025-10
TXN20672,2025-06-15,Consulting,LATAM,R&D,211748.38,89150.15,46173.46,35294.57,6284.25,0.21,122598.23,76424.77,16049.2,60375.57,57.9,28.51,31365.25,2025,2025-06
TXN20673,2025-03-16,Consumer Hardware,North America,Operations,143392.31,69812.14,48865.15,17931.75,5451.52,0.21,73580.17,24715.02,5190.15,19524.87,51.31,13.62,7044.64,2025,2025-03
TXN20674,2025-02-05,Consumer Hardware,APAC,Administrative,233100.13,97541.32,52955.1,24155.47,2715.31,0.21,135558.81,82603.71,17346.78,65256.93,58.15,28.0,43816.77,2025,2025-02
TXN20675,2024-02-16,Cloud Services,EMEA,Operations,264845.2,83283.52,77709.03,24263.53,9288.01,0.21,181561.68,103852.65,21809.06,82043.59,68.55,30.98,67068.07,2024,2024-02
TXN20676,2024-08-20,Consulting,APAC,Administrative,131787.2,71092.27,30759.32,19296.32,2823.7,0.21,60694.93,29935.61,6286.48,23649.13,46.06,17.94,7176.51,2024,2024-08
TXN20677,2024-10-31,Consulting,LATAM,COGS,174064.73,93243.18,42834.28,26792.07,4564.24,0.21,80821.55,37987.27,7977.33,30009.94,46.43,17.24,7782.11,2024,2024-10
TXN20678,2025-06-09,Consulting,APAC,R&D,86565.83,42962.39,24408.86,15637.7,2804.77,0.21,43603.44,19194.58,4030.86,15163.72,50.37,17.52,2330.79,2025,2025-06
TXN20679,2024-05-22,Enterprise Solutions,North America,COGS,104344.8,57163.42,27398.76,10575.36,2329.54,0.21,47181.38,19782.62,4154.35,15628.27,45.22,14.98,7382.45,2024,2024-05
TXN20680,2025-02-18,Consumer Hardware,North America,R&D,254335.36,110920.88,56979.73,42083.81,8074.59,0.21,143414.48,86434.75,18151.3,68283.45,56.39,26.85,34274.23,2025,2025-02
TXN20681,2025-05-27,Consulting,EMEA,Sales & Marketing,104431.5,56465.29,23563.97,14015.06,1493.9,0.21,47966.21,24402.24,5124.47,19277.77,45.93,18.46,6756.61,2025,2025-05
TXN20682,2025-01-07,Enterprise Solutions,EMEA,Administrative,207549.02,66187.64,54527.63,37862.23,6387.98,0.21,141361.38,86833.75,18235.09,68598.66,68.11,33.05,37124.41,2025,2025-01
TXN20683,2025-07-19,Cloud Services,LATAM,Sales & Marketing,262713.88,102831.52,82385.09,33935.23,4155.17,0.21,159882.36,77497.27,16274.43,61222.84,60.86,23.3,31442.78,2025,2025-07
TXN20684,2024-09-15,Consulting,EMEA,Sales & Marketing,82063.08,29242.79,27466.08,10474.9,3912.96,0.21,52820.29,25354.21,5324.38,20029.83,64.37,24.41,13467.89,2024,2024-09
TXN20685,2025-10-17,Consulting,APAC,R&D,220193.67,76838.4,46817.39,30096.41,2867.58,0.21,143355.27,96537.88,20272.95,76264.93,65.1,34.64,49036.1,2025,2025-10
TXN20686,2025-04-15,Enterprise Solutions,North America,COGS,126968.84,42560.05,32880.56,20619.4,1956.01,0.21,84408.79,51528.23,10820.93,40707.3,66.48,32.06,22043.91,2025,2025-04
TXN20687,2024-01-12,Consumer Hardware,North America,Operations,338878.06,154394.0,72871.27,65980.77,6070.23,0.21,184484.06,111612.79,23438.69,88174.1,54.44,26.02,28263.56,2024,2024-01
TXN20688,2024-11-25,Cloud Services,North America,R&D,195063.69,96620.99,39498.23,11905.62,3450.43,0.21,98442.7,58944.47,12378.34,46566.13,50.47,23.87,38110.94,2024,2024-11
TXN20689,2024-12-23,Consulting,EMEA,Operations,291797.76,129725.87,87322.76,16928.7,6237.47,0.21,162071.89,74749.13,15697.32,59051.81,55.54,20.24,48360.58,2024,2024-12
TXN20690,2025-02-11,Consumer Hardware,North America,Sales & Marketing,215067.96,72422.13,62448.73,40998.95,6776.45,0.21,142645.83,80197.1,16841.39,63355.71,66.33,29.46,29133.21,2025,2025-02
TXN20691,2025-10-29,Cloud Services,North America,Operations,63023.76,31687.15,14145.86,8160.4,1333.83,0.21,31336.61,17190.75,3610.06,13580.69,49.72,21.55,6754.12,2025,2025-10
TXN20692,2025-01-07,SaaS Subscriptions,North America,COGS,239945.41,110132.23,56404.43,34128.74,3012.99,0.21,129813.18,73408.75,15415.84,57992.91,54.1,24.17,26877.16,2025,2025-01
TXN20693,2024-01-08,SaaS Subscriptions,LATAM,R&D,335421.0,133176.03,68277.01,41043.3,5596.34,0.21,202244.97,133967.96,28133.27,105834.69,60.3,31.55,70387.73,2024,2024-01
TXN20694,2024-05-01,Cloud Services,LATAM,COGS,230483.55,107989.05,74962.95,14762.15,9823.39,0.21,122494.5,47531.55,9981.63,37549.92,53.15,16.29,32611.16,2024,2024-05
TXN20695,2024-12-13,Enterprise Solutions,EMEA,COGS,295756.66,107944.15,102392.02,48862.97,12181.59,0.21,187812.51,85420.49,17938.3,67482.19,63.5,22.82,30800.81,2024,2024-12
TXN20696,2025-11-06,Cloud Services,North America,R&D,315261.94,121785.07,69458.17,51098.82,8507.73,0.21,193476.87,124018.7,26043.93,97974.77,61.37,31.08,55383.68,2025,2025-11
TXN20697,2024-03-30,Cloud Services,EMEA,COGS,118423.93,62690.25,27796.62,11458.17,3330.36,0.21,55733.68,27937.06,5866.78,22070.28,47.06,18.64,13942.47,2024,2024-03
TXN20698,2025-10-09,Enterprise Solutions,North America,Administrative,113613.45,42335.34,37522.14,10899.61,3042.94,0.21,71278.11,33755.97,7088.75,26667.22,62.74,23.47,18810.55,2025,2025-10
TXN20699,2025-11-28,Enterprise Solutions,North America,Administrative,233294.3,97399.68,79079.67,40984.26,4742.12,0.21,135894.62,56814.95,11931.14,44883.81,58.25,19.24,8641.67,2025,2025-11
TXN20700,2024-11-11,Consumer Hardware,North America,Administrative,173308.54,90559.83,45570.46,10546.45,3520.17,0.21,82748.71,37178.25,7807.43,29370.82,47.75,16.95,22344.54,2024,2024-11
TXN20701,2024-06-26,Consumer Hardware,EMEA,Operations,301958.39,144013.12,62684.56,55006.48,8348.24,0.21,157945.27,95260.71,20004.75,75255.96,52.31,24.92,28597.72,2024,2024-06
TXN20702,2025-06-23,Enterprise Solutions,EMEA,COGS,320006.94,100978.45,65892.24,28320.38,9755.15,0.21,219028.49,153136.25,32158.61,120977.64,68.44,37.8,102412.41,2025,2025-06
TXN20703,2024-02-10,SaaS Subscriptions,North America,R&D,156026.41,52553.72,44637.98,21679.51,4436.33,0.21,103472.69,58834.71,12355.29,46479.42,66.32,29.79,29236.24,2024,2024-02
TXN20704,2025-12-04,SaaS Subscriptions,APAC,R&D,121061.17,36555.68,31346.88,23049.94,1597.75,0.21,84505.49,53158.61,11163.31,41995.3,69.8,34.69,20543.11,2025,2025-12
TXN20705,2025-05-16,Cloud Services,EMEA,Operations,284157.65,130067.61,58052.8,43111.94,3715.64,0.21,154090.04,96037.24,20167.82,75869.42,54.23,26.7,36473.12,2025,2025-05
TXN20706,2024-05-24,Consulting,LATAM,R&D,132441.81,54555.21,38075.41,14855.27,3130.11,0.21,77886.6,39811.19,8360.35,31450.84,58.81,23.75,19725.68,2024,2024-05
TXN20707,2024-07-19,Cloud Services,EMEA,Administrative,296784.3,98997.96,59860.02,45535.65,6456.41,0.21,197786.34,137926.32,28964.53,108961.79,66.64,36.71,69882.55,2024,2024-07
TXN20708,2025-12-24,Cloud Services,North America,COGS,177121.48,95554.12,56343.37,17995.0,3240.27,0.21,81567.36,25223.99,5297.04,19926.95,46.05,11.25,5172.22,2025,2025-12
TXN20709,2025-04-05,Consulting,APAC,R&D,250264.97,108218.31,61556.4,22921.46,8884.79,0.21,142046.66,80490.26,16902.95,63587.31,56.76,25.41,49550.64,2025,2025-04
TXN20710,2025-07-11,Enterprise Solutions,North America,R&D,78660.59,28355.05,16207.13,15692.98,1402.05,0.21,50305.54,34098.41,7160.67,26937.74,63.95,34.25,12646.81,2025,2025-07
TXN20711,2025-06-30,SaaS Subscriptions,LATAM,Sales & Marketing,237157.8,100827.85,68361.41,38566.25,9656.62,0.21,136329.95,67968.54,14273.39,53695.15,57.48,22.64,24785.52,2025,2025-06
TXN20712,2024-09-09,Cloud Services,EMEA,Sales & Marketing,185530.3,87181.63,48173.44,27218.78,6168.71,0.21,98348.67,50175.23,10536.8,39638.43,53.01,21.36,18588.36,2024,2024-09
TXN20713,2025-01-24,Consulting,EMEA,Sales & Marketing,225982.54,72101.94,78205.79,23342.52,9818.25,0.21,153880.6,75674.81,15891.71,59783.1,68.09,26.45,46258.83,2025,2025-01
TXN20714,2025-08-16,Consumer Hardware,North America,COGS,100404.26,37016.64,28276.83,5760.61,3129.45,0.21,63387.62,35110.79,7373.27,27737.52,63.13,27.63,25106.36,2025,2025-08
TXN20715,2024-09-12,Cloud Services,North America,Administrative,271062.12,136003.08,65403.46,14815.86,7369.56,0.21,135059.04,69655.58,14627.67,55027.91,49.83,20.3,47581.61,2024,2024-09
TXN20716,2025-12-09,SaaS Subscriptions,LATAM,Administrative,308839.12,128142.36,94633.2,41114.88,10769.29,0.21,180696.76,86063.56,18073.35,67990.21,58.51,22.01,37644.62,2025,2025-12
TXN20717,2025-03-25,Enterprise Solutions,APAC,Administrative,115021.94,50223.67,27688.52,18898.67,3125.26,0.21,64798.27,37109.75,7793.05,29316.7,56.34,25.49,13543.29,2025,2025-03
TXN20718,2024-01-10,Cloud Services,LATAM,COGS,78714.37,32131.52,26419.41,10280.64,2783.89,0.21,46582.85,20163.44,4234.32,15929.12,59.18,20.24,8432.37,2024,2024-01
TXN20719,2024-08-29,Cloud Services,APAC,COGS,57091.58,17754.05,14627.34,10054.84,2174.23,0.21,39337.53,24710.19,5189.14,19521.05,68.9,34.19,11640.44,2024,2024-08
TXN20720,2024-09-07,Consulting,EMEA,Sales & Marketing,242591.45,82829.8,68527.3,13345.92,8444.55,0.21,159761.65,91234.35,19159.21,72075.14,65.86,29.71,67173.77,2024,2024-09
TXN20721,2024-01-05,Consumer Hardware,APAC,R&D,232128.21,95494.16,48186.56,24376.44,6153.17,0.21,136634.05,88447.49,18573.97,69873.52,58.86,30.1,51650.25,2024,2024-01
TXN20722,2024-04-28,Consumer Hardware,APAC,Operations,214009.22,75394.67,56480.93,18310.75,7751.8,0.21,138614.55,82133.62,17248.06,64885.56,64.77,30.32,54326.61,2024,2024-04
TXN20723,2025-01-08,Enterprise Solutions,EMEA,Operations,119584.13,37369.41,38847.45,14002.22,2780.08,0.21,82214.72,43367.27,9107.13,34260.14,68.75,28.65,23038.0,2025,2025-01
TXN20724,2024-03-05,SaaS Subscriptions,EMEA,R&D,167271.8,85461.24,53668.71,10179.57,3133.2,0.21,81810.56,28141.85,5909.79,22232.06,48.91,13.29,15185.69,2024,2024-03
TXN20725,2024-05-25,Enterprise Solutions,EMEA,Sales & Marketing,228342.9,124514.96,53351.81,44097.52,5243.92,0.21,103827.94,50476.13,10599.99,39876.14,45.47,17.46,1022.54,2024,2024-05
TXN20726,2024-08-11,Cloud Services,LATAM,R&D,199030.06,99173.84,46555.49,16616.68,4721.1,0.21,99856.22,53300.73,11193.15,42107.58,50.17,21.16,30212.0,2024,2024-08
TXN20727,2024-08-26,Cloud Services,EMEA,R&D,346335.66,177824.74,111726.43,65230.99,14850.47,0.21,168510.92,56784.49,11924.74,44859.75,48.66,12.95,-5520.77,2024,2024-08
TXN20728,2024-06-25,Consumer Hardware,North America,Operations,90931.93,32780.44,30876.82,10355.69,2914.1,0.21,58151.49,27274.67,5727.68,21546.99,63.95,23.7,14105.4,2024,2024-06
TXN20729,2024-10-08,SaaS Subscriptions,EMEA,Sales & Marketing,258543.37,139653.94,55406.91,51147.28,5933.27,0.21,118889.43,63482.52,13331.33,50151.19,45.98,19.4,4937.18,2024,2024-10
TXN20730,2024-03-03,Consulting,EMEA,COGS,171295.63,59821.82,45823.09,22800.95,4706.36,0.21,111473.81,65650.72,13786.65,51864.07,65.08,30.28,33769.48,2024,2024-03
TXN20731,2024-08-04,SaaS Subscriptions,EMEA,Operations,178459.88,95985.98,44725.28,33840.44,2407.13,0.21,82473.9,37748.62,7927.21,29821.41,46.21,16.71,-1611.9,2024,2024-08
TXN20732,2025-11-19,Cloud Services,APAC,COGS,265279.33,145560.05,87702.21,13476.81,9780.68,0.21,119719.28,32017.07,6723.58,25293.49,45.13,9.53,21597.36,2025,2025-11
TXN20733,2025-04-05,Consulting,LATAM,Sales & Marketing,257730.85,123177.48,54775.21,41813.18,7274.39,0.21,134553.37,79778.16,16753.41,63024.75,52.21,24.45,28485.96,2025,2025-04
TXN20734,2025-09-01,SaaS Subscriptions,EMEA,R&D,347376.8,189419.68,80476.4,64423.67,5291.33,0.21,157957.12,77480.72,16270.95,61209.77,45.47,17.62,2077.43,2025,2025-09
TXN20735,2024-04-14,SaaS Subscriptions,LATAM,Administrative,88518.29,39159.16,27694.74,6281.09,3030.72,0.21,49359.13,21664.39,4549.52,17114.87,55.76,19.33,13864.5,2024,2024-04
TXN20736,2024-04-08,Consulting,North America,Administrative,81232.89,29640.7,16871.59,5232.93,1845.09,0.21,51592.19,34720.6,7291.33,27429.27,63.51,33.77,24041.43,2024,2024-04
TXN20737,2025-05-25,Cloud Services,North America,Sales & Marketing,267301.65,109392.92,73208.66,30388.43,4862.41,0.21,157908.73,84700.07,17787.01,66913.06,59.08,25.03,41387.04,2025,2025-05
TXN20738,2025-01-19,SaaS Subscriptions,EMEA,Administrative,223516.08,100222.43,59525.92,42479.64,3711.22,0.21,123293.65,63767.73,13391.22,50376.51,55.16,22.54,11608.09,2025,2025-01
TXN20739,2025-02-08,Consulting,North America,COGS,132248.2,42090.69,33083.23,17371.86,4896.49,0.21,90157.51,57074.28,11985.6,45088.68,68.17,34.09,32613.31,2025,2025-02
TXN20740,2025-06-01,Cloud Services,LATAM,Administrative,73825.81,33633.99,19134.61,9532.28,1710.1,0.21,40191.82,21057.21,4422.01,16635.2,54.44,22.53,8813.02,2025,2025-06
TXN20741,2025-04-20,Consulting,APAC,Sales & Marketing,75697.47,41277.41,21156.77,5387.31,1538.99,0.21,34420.06,13263.29,2785.29,10478.0,45.47,13.84,6629.68,2025,2025-04
TXN20742,2025-12-09,Consulting,EMEA,Sales & Marketing,318257.26,110602.96,71354.9,15950.55,4790.23,0.21,207654.3,136299.4,28622.87,107676.53,65.25,33.83,96516.21,2025,2025-12
TXN20743,2025-10-06,SaaS Subscriptions,North America,COGS,107560.2,53580.98,30740.64,18448.83,3589.28,0.21,53979.22,23238.58,4880.1,18358.48,50.19,17.07,3498.93,2025,2025-10
TXN20744,2025-03-12,Cloud Services,LATAM,Administrative,147011.47,77471.32,47163.46,9281.74,5232.53,0.21,69540.15,22376.69,4699.1,17677.59,47.3,12.02,13628.38,2025,2025-03
TXN20745,2024-01-23,SaaS Subscriptions,LATAM,Administrative,117996.92,63237.55,37053.88,17118.7,4237.3,0.21,54759.37,17705.49,3718.15,13987.34,46.41,11.85,1105.94,2024,2024-01
TXN20746,2025-07-18,Enterprise Solutions,North America,R&D,156498.89,84514.71,34912.55,29295.41,2052.88,0.21,71984.18,37071.63,7785.04,29286.59,46.0,18.71,2044.06,2025,2025-07
TXN20747,2025-11-07,Enterprise Solutions,LATAM,Operations,70827.15,30481.52,15751.07,5758.09,2194.97,0.21,40345.63,24594.56,5164.86,19429.7,56.96,27.43,15866.58,2025,2025-11
TXN20748,2025-12-14,Cloud Services,LATAM,Sales & Marketing,205717.94,111977.82,49418.83,30814.68,4394.65,0.21,93740.12,44321.29,9307.47,35013.82,45.57,17.02,8593.79,2025,2025-12
TXN20749,2025-04-02,Consulting,EMEA,R&D,70283.77,34391.78,17863.41,4343.87,1452.95,0.21,35891.99,18028.58,3786.0,14242.58,51.07,20.26,11351.66,2025,2025-04
TXN20750,2024-03-23,SaaS Subscriptions,LATAM,Sales & Marketing,290106.95,98757.59,75795.76,40778.38,7294.29,0.21,191349.36,115553.6,24266.26,91287.34,65.96,31.47,57803.25,2024,2024-03
TXN20751,2024-05-24,SaaS Subscriptions,North America,R&D,120113.62,50354.64,36268.86,8959.25,3228.17,0.21,69758.98,33490.12,7032.93,26457.19,58.08,22.03,20726.11,2024,2024-05
TXN20752,2024-03-25,Cloud Services,EMEA,Operations,212003.57,101673.27,44203.18,34003.9,6027.44,0.21,110330.3,66127.12,13886.7,52240.42,52.04,24.64,24263.96,2024,2024-03
TXN20753,2024-03-18,Cloud Services,North America,R&D,314023.73,113624.8,64437.95,29890.25,9209.87,0.21,200398.93,135960.98,28551.81,107409.17,63.82,34.2,86728.79,2024,2024-03
TXN20754,2025-04-01,Enterprise Solutions,APAC,Sales & Marketing,245263.21,112858.8,63470.83,29311.08,5099.58,0.21,132404.41,68933.58,14476.05,54457.53,53.98,22.2,30246.03,2025,2025-04
TXN20755,2024-01-01,Consumer Hardware,North America,Administrative,209887.34,97943.95,63926.34,29366.3,8719.14,0.21,111943.39,48017.05,10083.58,37933.47,53.33,18.07,17286.31,2024,2024-01
TXN20756,2024-02-20,Cloud Services,North America,Sales & Marketing,147300.13,50181.46,33733.98,11149.3,4323.09,0.21,97118.67,63384.69,13310.78,50073.91,65.93,33.99,43247.7,2024,2024-02
TXN20757,2025-11-15,Consumer Hardware,EMEA,COGS,149900.57,66146.83,44404.4,24170.82,6353.42,0.21,83753.74,39349.34,8263.36,31085.98,55.87,20.74,13268.58,2025,2025-11
TXN20758,2025-12-17,Cloud Services,LATAM,COGS,250846.09,123643.72,59945.75,23929.73,4470.46,0.21,127202.37,67256.62,14123.89,53132.73,50.71,21.18,33673.46,2025,2025-12
TXN20759,2025-03-21,Consulting,North America,COGS,348241.81,147906.62,115934.2,52011.93,12485.64,0.21,200335.19,84400.99,17724.21,66676.78,57.53,19.15,27150.49,2025,2025-03
TXN20760,2025-03-24,Consulting,EMEA,COGS,248551.76,75317.59,83104.15,18328.82,6436.79,0.21,173234.17,90130.02,18927.3,71202.72,69.7,28.65,59310.69,2025,2025-03
TXN20761,2025-05-02,Enterprise Solutions,APAC,Operations,217335.03,65691.6,53158.64,33299.56,7038.71,0.21,151643.43,98484.79,20681.81,77802.98,69.77,35.8,51542.13,2025,2025-05
TXN20762,2024-02-03,Enterprise Solutions,EMEA,Administrative,269195.15,104786.19,63126.01,18635.9,3189.91,0.21,164408.96,101282.95,21269.42,80013.53,61.07,29.72,64567.54,2024,2024-02
TXN20763,2024-12-13,Consumer Hardware,EMEA,Administrative,189561.68,100761.23,49607.46,21572.78,5282.3,0.21,88800.45,39192.99,8230.53,30962.46,46.85,16.33,14671.98,2024,2024-12
TXN20764,2024-04-04,Cloud Services,LATAM,Sales & Marketing,68042.7,24302.76,16063.5,5925.22,1348.05,0.21,43739.94,27676.44,5812.05,21864.39,64.28,32.13,17287.22,2024,2024-04
TXN20765,2024-03-12,SaaS Subscriptions,North America,R&D,218689.04,100288.81,48210.86,35483.67,5412.79,0.21,118400.23,70189.37,14739.77,55449.6,54.14,25.36,25378.72,2024,2024-03
TXN20766,2025-07-04,Enterprise Solutions,APAC,Sales & Marketing,337287.59,119912.13,109250.72,30121.55,12508.18,0.21,217375.46,108124.74,22706.2,85418.54,64.45,25.33,67805.17,2025,2025-07
TXN20767,2024-06-02,SaaS Subscriptions,EMEA,Sales & Marketing,102590.88,39027.37,30876.14,18697.97,4172.86,0.21,63563.51,32687.37,6864.35,25823.02,61.96,25.17,11297.91,2024,2024-06
TXN20768,2024-09-06,SaaS Subscriptions,North America,Sales & Marketing,257001.47,131587.46,83179.18,47229.94,9226.2,0.21,125414.01,42234.83,8869.31,33365.52,48.8,12.98,-4638.22,2024,2024-09
TXN20769,2025-11-04,Cloud Services,North America,Sales & Marketing,110280.11,53178.76,28623.07,8763.54,3873.2,0.21,57101.35,28478.28,5980.44,22497.84,51.78,20.4,17607.5,2025,2025-11
TXN20770,2025-03-13,Consumer Hardware,EMEA,Administrative,210748.31,68250.8,47091.19,29942.46,3600.58,0.21,142497.51,95406.32,20035.33,75370.99,67.62,35.76,49029.11,2025,2025-03
TXN20771,2024-04-27,Cloud Services,North America,R&D,79002.93,32168.06,24545.63,4989.64,2502.43,0.21,46834.87,22289.24,4680.74,17608.5,59.28,22.29,15121.29,2024,2024-04
TXN20772,2024-11-01,Enterprise Solutions,EMEA,Sales & Marketing,185111.28,56883.3,47031.44,20127.25,4470.51,0.21,128227.98,81196.54,17051.27,64145.27,69.27,34.65,48488.53,2024,2024-11
TXN20773,2024-09-24,SaaS Subscriptions,EMEA,Administrative,276849.0,116338.19,83245.9,43464.81,4259.23,0.21,160510.81,77264.91,16225.63,61039.28,57.98,22.05,21833.7,2024,2024-09
TXN20774,2024-02-23,Cloud Services,EMEA,Sales & Marketing,154271.46,71830.1,37117.19,22973.1,3922.59,0.21,82441.36,45324.17,9518.08,35806.09,53.44,23.21,16755.58,2024,2024-02
TXN20775,2024-08-23,Cloud Services,APAC,COGS,249473.52,82232.87,52934.4,35850.62,6148.46,0.21,167240.65,114306.25,24004.31,90301.94,67.04,36.2,60599.78,2024,2024-08
TXN20776,2025-01-23,Cloud Services,EMEA,Sales & Marketing,288634.99,107436.07,100701.07,26664.43,10995.7,0.21,181198.92,80497.85,16904.55,63593.3,62.78,22.03,47924.57,2025,2025-01
TXN20777,2025-02-04,Enterprise Solutions,LATAM,Sales & Marketing,328153.35,131083.86,73319.38,35015.19,9064.33,0.21,197069.49,123750.11,25987.52,97762.59,60.05,29.79,71811.73,2025,2025-02
TXN20778,2025-09-15,Consumer Hardware,North America,Operations,120392.62,63793.98,41928.31,7878.72,4491.95,0.21,56598.64,14670.33,3080.77,11589.56,47.01,9.63,8202.79,2025,2025-09
TXN20779,2024-10-29,Cloud Services,APAC,COGS,169794.77,93100.81,58849.51,26802.69,3335.3,0.21,76693.96,17844.45,3747.33,14097.12,45.17,8.3,-9370.27,2024,2024-10
TXN20780,2024-07-25,Enterprise Solutions,North America,R&D,95724.8,29792.22,30543.17,12021.44,1882.82,0.21,65932.58,35389.41,7431.78,27957.63,68.88,29.21,17819.01,2024,2024-07
TXN20781,2024-08-16,SaaS Subscriptions,APAC,Sales & Marketing,347745.05,170482.7,103945.67,54357.71,11397.38,0.21,177262.35,73316.68,15396.5,57920.18,50.97,16.66,14959.85,2024,2024-08
TXN20782,2025-07-31,Consulting,LATAM,R&D,328100.29,128920.78,94056.86,28656.78,7289.21,0.21,199179.51,105122.65,22075.76,83046.89,60.71,25.31,61679.32,2025,2025-07
TXN20783,2024-03-15,Enterprise Solutions,APAC,COGS,211987.14,84395.16,69937.79,20915.87,4053.91,0.21,127591.98,57654.19,12107.38,45546.81,60.19,21.49,28684.85,2024,2024-03
TXN20784,2025-03-10,Consulting,APAC,Sales & Marketing,302609.99,147845.03,73660.09,30301.03,6847.46,0.21,154764.96,81104.87,17032.02,64072.85,51.14,21.17,40619.28,2025,2025-03
TXN20785,2024-04-12,Cloud Services,APAC,Operations,206287.39,109251.17,55728.99,11110.92,5875.63,0.21,97036.22,41307.23,8674.52,32632.71,47.04,15.82,27397.42,2024,2024-04
TXN20786,2025-02-25,Cloud Services,North America,Administrative,237075.71,127483.23,69441.49,23981.91,5754.94,0.21,109592.48,40150.99,8431.71,31719.28,46.23,13.38,13492.31,2025,2025-02
TXN20787,2025-12-04,Enterprise Solutions,EMEA,Operations,76737.33,34092.91,20080.51,13083.38,2450.69,0.21,42644.42,22563.91,4738.42,17825.49,55.57,23.23,7192.8,2025,2025-12
TXN20788,2024-11-01,Consulting,North America,Operations,276581.13,107667.58,73051.43,51055.43,8355.41,0.21,168913.55,95862.12,20131.05,75731.07,61.07,27.38,33031.05,2024,2024-11
TXN20789,2024-04-07,Cloud Services,EMEA,Administrative,88314.05,43882.12,22038.13,11280.6,1835.38,0.21,44431.93,22393.8,4702.7,17691.1,50.31,20.03,8245.88,2024,2024-04
TXN20790,2024-11-30,SaaS Subscriptions,North America,Administrative,297820.29,108034.41,84770.01,35239.66,10637.56,0.21,189785.88,105015.87,22053.33,82962.54,63.72,27.86,58360.44,2024,2024-11
TXN20791,2025-03-10,Consumer Hardware,LATAM,Administrative,284608.43,125517.58,93233.79,15546.36,10709.72,0.21,159090.85,65857.06,13829.98,52027.08,55.9,18.28,47190.44,2025,2025-03
TXN20792,2025-03-22,Consumer Hardware,LATAM,Sales & Marketing,262623.41,102329.8,60463.59,47766.12,6877.4,0.21,160293.61,99830.02,20964.3,78865.72,61.04,30.03,37977.0,2025,2025-03
TXN20793,2024-11-03,Cloud Services,APAC,R&D,60848.11,28243.12,20698.4,3161.15,2180.43,0.21,32604.99,11906.59,2500.38,9406.21,53.58,15.46,8425.49,2024,2024-11
TXN20794,2024-09-05,Consulting,LATAM,R&D,140938.51,50751.92,42755.55,27019.68,2186.47,0.21,90186.59,47431.04,9960.52,37470.52,63.99,26.59,12637.31,2024,2024-09
TXN20795,2024-06-14,Cloud Services,APAC,Administrative,128933.77,44855.83,41708.91,15908.16,4990.5,0.21,84077.94,42369.03,8897.5,33471.53,65.21,25.96,22553.87,2024,2024-06
TXN20796,2025-04-25,Consulting,EMEA,Operations,158040.92,83692.11,44793.32,16007.99,3924.08,0.21,74348.81,29555.49,6206.65,23348.84,47.04,14.77,11264.93,2025,2025-04
TXN20797,2024-11-30,SaaS Subscriptions,LATAM,COGS,76292.82,24829.57,24179.29,14391.33,3488.13,0.21,51463.25,27283.96,5729.63,21554.33,67.45,28.25,10651.13,2024,2024-11
TXN20798,2025-06-25,Consulting,EMEA,Administrative,331087.35,141205.27,67022.03,17765.7,8833.4,0.21,189882.08,122860.05,25800.61,97059.44,57.35,29.32,88127.14,2025,2025-06
TXN20799,2024-04-15,Cloud Services,North America,Operations,216140.67,76776.02,69760.93,29657.47,7587.86,0.21,139364.65,69603.72,14616.78,54986.94,64.48,25.44,32917.33,2024,2024-04
TXN20800,2025-07-16,SaaS Subscriptions,EMEA,Operations,141657.29,43875.87,29184.35,18746.91,2195.19,0.21,97781.42,68597.07,14405.38,54191.69,69.03,38.26,37639.97,2025,2025-07
TXN20801,2024-03-21,Enterprise Solutions,North America,Sales & Marketing,169094.46,52250.98,56390.8,14017.6,3968.32,0.21,116843.48,60452.68,12695.06,47757.62,69.1,28.24,37708.34,2024,2024-03
TXN20802,2024-05-12,Consumer Hardware,EMEA,Sales & Marketing,184160.76,63315.47,64234.24,21055.67,5398.15,0.21,120845.29,56611.05,11888.32,44722.73,65.62,24.28,29065.21,2024,2024-05
TXN20803,2024-05-17,Cloud Services,EMEA,R&D,230178.3,118931.42,56188.85,34029.47,5487.22,0.21,111246.88,55058.03,11562.19,43495.84,48.33,18.9,14953.59,2024,2024-05
TXN20804,2024-07-02,Cloud Services,LATAM,R&D,204703.83,75867.27,47398.72,32562.17,3773.25,0.21,128836.56,81437.84,17101.95,64335.89,62.94,31.43,35546.97,2024,2024-07
TXN20805,2025-02-04,Cloud Services,EMEA,COGS,325817.59,175164.36,102568.85,16325.91,10410.01,0.21,150653.23,48084.38,10097.72,37986.66,46.24,11.66,32070.76,2025,2025-02
TXN20806,2024-11-25,SaaS Subscriptions,LATAM,COGS,199089.04,88675.37,47374.02,37932.04,3152.13,0.21,110413.67,63039.65,13238.33,49801.32,55.46,25.01,15021.41,2024,2024-11
TXN20807,2025-05-22,Enterprise Solutions,LATAM,COGS,347647.4,142241.17,114666.06,25961.89,16944.35,0.21,205406.23,90740.17,19055.44,71684.73,59.08,20.62,62667.19,2025,2025-05
TXN20808,2024-03-09,Consulting,APAC,COGS,305427.49,135922.01,65797.14,25972.66,3999.97,0.21,169505.48,103708.34,21778.75,81929.59,55.5,26.82,59956.9,2024,2024-03
TXN20809,2025-06-29,Enterprise Solutions,APAC,Operations,112553.15,48304.95,24637.13,10075.87,3527.9,0.21,64248.2,39611.07,8318.32,31292.75,57.08,27.8,24744.78,2025,2025-06
TXN20810,2024-02-22,SaaS Subscriptions,North America,Operations,329178.56,161196.79,114183.07,18326.36,16140.67,0.21,167981.77,53798.7,11297.73,42500.97,51.03,12.91,40315.28,2024,2024-02
TXN20811,2025-03-25,Cloud Services,EMEA,R&D,84909.92,31469.66,25564.32,5812.75,2621.26,0.21,53440.26,27875.94,5853.95,22021.99,62.94,25.94,18830.5,2025,2025-03
TXN20812,2024-07-23,Consumer Hardware,North America,Sales & Marketing,295234.91,114628.67,96551.58,58442.49,11826.7,0.21,180606.24,84054.66,17651.48,66403.18,61.17,22.49,19787.39,2024,2024-07
TXN20813,2024-05-05,Cloud Services,EMEA,Sales & Marketing,164186.99,85955.76,40825.0,15972.52,3821.42,0.21,78231.23,37406.23,7855.31,29550.92,47.65,18.0,17399.82,2024,2024-05
TXN20814,2024-02-12,Consulting,APAC,Administrative,313392.3,168170.73,94479.18,21089.79,10676.47,0.21,145221.57,50742.39,10655.9,40086.49,46.34,12.79,29673.17,2024,2024-02
TXN20815,2024-04-20,Consumer Hardware,APAC,Operations,310417.01,162391.42,89752.82,20502.64,7544.41,0.21,148025.59,58272.77,12237.28,46035.49,47.69,14.83,33077.26,2024,2024-04
TXN20816,2025-10-24,Cloud Services,EMEA,COGS,291777.62,118129.67,84753.38,46077.23,6790.09,0.21,173647.95,88894.57,18667.86,70226.71,59.51,24.07,30939.57,2025,2025-10
TXN20817,2024-07-01,Consumer Hardware,EMEA,COGS,287009.13,142095.75,86785.78,51140.81,9357.5,0.21,144913.38,58127.6,12206.8,45920.8,50.49,16.0,4137.49,2024,2024-07
TXN20818,2024-04-04,Enterprise Solutions,APAC,Administrative,141403.74,59260.04,40484.44,12520.29,4040.87,0.21,82143.7,41659.26,8748.44,32910.82,58.09,23.27,24431.4,2024,2024-04
TXN20819,2025-01-08,SaaS Subscriptions,APAC,Sales & Marketing,74275.78,31521.53,19635.5,3946.75,2119.72,0.21,42754.25,23118.75,4854.94,18263.81,57.56,24.59,16436.78,2025,2025-01
TXN20820,2025-06-03,Cloud Services,North America,COGS,170894.05,60012.87,56826.91,14263.42,3245.12,0.21,110881.18,54054.27,11351.4,42702.87,64.88,24.99,31684.57,2025,2025-06
TXN20821,2024-12-25,Consulting,APAC,Sales & Marketing,102057.35,45699.51,32177.38,5968.04,2789.64,0.21,56357.84,24180.46,5077.9,19102.56,55.22,18.72,15924.16,2024,2024-12
TXN20822,2025-11-26,Enterprise Solutions,EMEA,Administrative,258485.33,89573.95,60470.28,16933.18,3530.85,0.21,168911.38,108441.1,22772.63,85668.47,65.35,33.14,72266.14,2025,2025-11
TXN20823,2024-10-07,Cloud Services,North America,Sales & Marketing,153829.92,58900.12,46741.7,17648.32,2581.43,0.21,94929.8,48188.1,10119.5,38068.6,61.71,24.75,23001.71,2024,2024-10
TXN20824,2024-07-13,Enterprise Solutions,EMEA,Sales & Marketing,342683.06,176056.01,80530.49,28952.52,6067.63,0.21,166627.05,86096.56,18080.28,68016.28,48.62,19.85,45131.39,2024,2024-07
TXN20825,2024-07-13,Consulting,LATAM,Sales & Marketing,242291.62,85230.67,71185.16,30865.99,4087.79,0.21,157060.95,85875.79,18033.92,67841.87,64.82,28.0,41063.67,2024,2024-07
TXN20826,2025-10-28,Cloud Services,North America,COGS,296744.17,94302.2,92602.5,26120.63,5591.1,0.21,202441.97,109839.47,23066.29,86773.18,68.22,29.24,66243.65,2025,2025-10
TXN20827,2024-04-02,Consulting,EMEA,R&D,89757.4,28475.71,20896.16,17150.9,2743.52,0.21,61281.69,40385.53,8480.96,31904.57,68.27,35.55,17497.19,2024,2024-04
TXN20828,2025-11-02,Consumer Hardware,APAC,Operations,308604.34,165163.85,64495.68,57366.95,3475.5,0.21,143440.49,78944.81,16578.41,62366.4,46.48,20.21,8474.95,2025,2025-11
TXN20829,2024-03-01,Consulting,LATAM,Sales & Marketing,326827.16,139466.99,71786.3,44128.5,8319.62,0.21,187360.17,115573.87,24270.51,91303.36,57.33,27.94,55494.48,2024,2024-03
TXN20830,2025-09-25,Consumer Hardware,EMEA,Sales & Marketing,196118.58,78908.9,57050.8,20232.3,4407.5,0.21,117209.68,60158.88,12633.36,47525.52,59.76,24.23,31700.72,2025,2025-09
TXN20831,2024-02-20,Cloud Services,North America,Sales & Marketing,231875.88,116568.56,75920.1,24850.61,10412.79,0.21,115307.32,39387.22,8271.32,31115.9,49.73,13.42,16678.08,2024,2024-02
TXN20832,2025-02-06,Consumer Hardware,EMEA,R&D,279442.94,142224.3,57774.69,31235.53,5690.76,0.21,137218.64,79443.95,16683.23,62760.72,49.1,22.46,37215.95,2025,2025-02
TXN20833,2024-01-05,Cloud Services,LATAM,Administrative,102451.59,39243.85,31772.56,16303.83,2559.52,0.21,63207.74,31435.18,6601.39,24833.79,61.7,24.24,11089.48,2024,2024-01
TXN20834,2025-04-10,Cloud Services,North America,COGS,200769.82,95045.34,50432.94,23639.81,5132.25,0.21,105724.48,55291.54,11611.22,43680.32,52.66,21.76,25172.76,2025,2025-04
TXN20835,2025-08-26,SaaS Subscriptions,LATAM,R&D,169598.91,83575.07,46093.47,30275.01,4065.25,0.21,86023.84,39930.37,8385.38,31544.99,50.72,18.6,5335.23,2025,2025-08
TXN20836,2025-11-12,Cloud Services,EMEA,Sales & Marketing,93912.2,43543.58,31867.13,17994.91,3391.62,0.21,50368.62,18501.49,3885.31,14616.18,53.63,15.56,12.89,2025,2025-11
TXN20837,2025-06-17,Consumer Hardware,APAC,R&D,160260.33,54151.77,40032.34,16088.84,2460.12,0.21,106108.56,66076.22,13876.01,52200.21,66.21,32.57,38571.49,2025,2025-06
TXN20838,2025-02-08,SaaS Subscriptions,APAC,R&D,70451.69,36562.37,19007.9,9447.87,2845.47,0.21,33889.32,14881.42,3125.1,11756.32,48.1,16.69,5153.92,2025,2025-02
TXN20839,2025-05-27,SaaS Subscriptions,EMEA,R&D,57743.57,25105.38,11667.23,3710.51,1079.87,0.21,32638.19,20970.96,4403.9,16567.06,56.52,28.69,13936.42,2025,2025-05
TXN20840,2025-10-06,Cloud Services,EMEA,Administrative,90549.89,33559.43,19218.29,7250.36,1630.15,0.21,56990.46,37772.17,7932.16,29840.01,62.94,32.95,24219.8,2025,2025-10
TXN20841,2024-08-20,Consulting,EMEA,Operations,338934.53,137711.49,80933.75,37967.4,9794.68,0.21,201223.04,120289.29,25260.75,95028.54,59.37,28.04,66855.82,2024,2024-08
TXN20842,2025-06-07,Consulting,North America,COGS,214858.86,66475.78,43869.42,17388.62,3789.88,0.21,148383.08,104513.66,21947.87,82565.79,69.06,38.43,68967.05,2025,2025-06
TXN20843,2024-12-11,SaaS Subscriptions,LATAM,Administrative,339746.65,112784.57,100125.48,61658.61,13349.47,0.21,226962.08,126836.6,26635.69,100200.91,66.8,29.49,51891.77,2024,2024-12
TXN20844,2024-02-15,Cloud Services,LATAM,Administrative,179749.36,88326.44,47446.6,13255.25,4527.69,0.21,91422.92,43976.32,9235.03,34741.29,50.86,19.33,26013.73,2024,2024-02
TXN20845,2025-06-29,Consulting,LATAM,Operations,143544.84,43063.87,40511.48,16988.41,4940.61,0.21,100480.97,59969.49,12593.59,47375.9,70.0,33.0,35328.1,2025,2025-06
TXN20846,2024-03-18,Cloud Services,EMEA,Administrative,201842.56,81572.95,45656.2,28430.51,2773.4,0.21,120269.61,74613.41,15668.82,58944.59,59.59,29.2,33287.48,2024,2024-03
TXN20847,2025-12-30,Cloud Services,LATAM,R&D,181853.51,78311.13,44443.14,27965.36,5982.58,0.21,103542.38,59099.24,12410.84,46688.4,56.94,25.67,24705.62,2025,2025-12
TXN20848,2024-03-13,SaaS Subscriptions,EMEA,R&D,81699.41,25625.72,24474.99,8779.45,3024.42,0.21,56073.69,31598.7,6635.73,24962.97,68.63,30.55,19207.94,2024,2024-03
TXN20849,2024-09-05,SaaS Subscriptions,North America,Sales & Marketing,242247.89,131605.9,53872.385,43693.01,5944.68,0.21,110641.99,56769.6,11921.62,44847.98,45.67,18.51,7099.65,2024,2024-09
TXN20850,2024-02-16,Enterprise Solutions,APAC,Administrative,114811.45,40933.88,23830.55,15528.01,1537.75,0.21,73877.57,50047.02,10509.87,39537.15,64.35,34.44,25546.89,2024,2024-02
TXN20851,2024-04-30,Consulting,EMEA,Sales & Marketing,235876.39,88701.24,78678.37,27344.25,6422.46,0.21,147175.15,68496.78,14384.32,54112.46,62.4,22.94,33190.67,2024,2024-04
TXN20852,2024-08-01,Consulting,EMEA,COGS,245060.33,92139.16,70217.67,14724.72,10364.62,0.21,152921.17,82703.5,17367.74,65335.76,62.4,26.66,60975.66,2024,2024-08
TXN20853,2024-08-26,Consulting,APAC,R&D,95607.46,34189.62,27208.73,11444.54,2059.24,0.21,61417.84,34209.11,7183.91,27025.2,64.24,28.27,17639.9,2024,2024-08
TXN20854,2024-02-25,Consumer Hardware,APAC,COGS,68404.89,20546.67,18814.2,11841.6,1798.88,0.21,47858.22,29044.02,6099.24,22944.78,69.96,33.54,12902.06,2024,2024-02
TXN20855,2024-12-15,Cloud Services,North America,Operations,284228.48,137093.68,57325.05,40411.93,3169.75,0.21,147134.8,89809.75,18860.05,70949.7,51.77,24.96,33707.52,2024,2024-12
TXN20856,2024-04-16,SaaS Subscriptions,LATAM,R&D,187940.13,101809.3,40121.75,32856.51,3599.83,0.21,86130.83,46009.08,9661.91,36347.17,45.83,19.34,7090.49,2024,2024-04
TXN20857,2024-02-17,Consulting,EMEA,COGS,67449.14,24016.84,19569.48,8370.56,2096.52,0.21,43432.3,23862.82,5011.19,18851.63,64.39,27.95,12577.59,2024,2024-02
TXN20858,2025-07-26,Enterprise Solutions,LATAM,Operations,348459.9,162299.31,87513.54,23614.87,12716.81,0.21,186160.59,98647.05,20715.88,77931.17,53.42,22.36,67033.11,2025,2025-07
TXN20859,2024-12-02,Consulting,EMEA,COGS,67334.17,32688.99,22731.36,3504.47,2311.18,0.21,34645.18,11913.82,2501.9,9411.92,51.45,13.98,8218.63,2024,2024-12
TXN20860,2024-01-26,Cloud Services,North America,Operations,258510.57,132384.9,67468.31,24683.35,8899.79,0.21,126125.67,58657.36,12318.05,46339.31,48.79,17.93,30555.75,2024,2024-01
TXN20861,2024-09-13,Cloud Services,APAC,Operations,345103.68,139993.83,76437.78,53387.05,8004.01,0.21,205109.85,128672.07,27021.13,101650.94,59.43,29.46,56267.9,2024,2024-09
TXN20862,2024-01-08,SaaS Subscriptions,North America,R&D,121754.03,45746.97,37403.79,20520.3,2022.74,0.21,76007.06,38603.27,8106.69,30496.58,62.43,25.05,11999.02,2024,2024-01
TXN20863,2025-09-16,Consumer Hardware,APAC,Sales & Marketing,92674.81,35339.11,22612.93,8745.07,1842.97,0.21,57335.7,34722.77,7291.78,27430.99,61.87,29.6,20528.89,2025,2025-09
TXN20864,2024-09-09,SaaS Subscriptions,LATAM,Operations,86415.48,41320.02,24094.41,10745.6,2591.47,0.21,45095.46,21001.05,4410.22,16590.83,52.18,19.2,8436.7,2024,2024-09
TXN20865,2025-11-22,Consulting,LATAM,Operations,140982.54,71082.68,57325.05,15954.69,6230.86,0.21,69899.86,12574.81,2640.71,9934.1,49.58,7.05,210.27,2025,2025-11
TXN20866,2025-12-19,Enterprise Solutions,North America,R&D,80313.74,27740.65,26908.29,8961.28,3657.19,0.21,52573.09,25664.8,5389.61,20275.19,65.46,25.24,14971.1,2025,2025-12
TXN20867,2024-10-29,SaaS Subscriptions,APAC,Sales & Marketing,257648.4,101187.61,82145.7,21823.41,5983.13,0.21,156460.79,74315.09,15606.17,58708.92,60.73,22.79,42868.64,2024,2024-10
TXN20868,2025-09-30,Consumer Hardware,North America,Administrative,68687.54,36094.28,20706.14,4839.43,1491.07,0.21,32593.26,11887.12,2496.3,9390.82,47.45,13.67,6042.46,2025,2025-09
TXN20869,2024-02-25,SaaS Subscriptions,APAC,Administrative,202826.64,101752.73,61242.48,16125.38,4294.16,0.21,101073.91,39831.43,8364.6,31466.83,49.83,15.51,19635.61,2024,2024-02
TXN20870,2025-12-26,Cloud Services,APAC,Sales & Marketing,349009.06,190633.84,119322.25,20347.18,16973.58,0.21,158375.22,39052.97,8201.12,30851.85,45.38,8.84,27478.25,2025,2025-12
TXN20871,2025-06-09,Consulting,LATAM,COGS,294191.08,143730.6,71892.54,23452.8,9724.66,0.21,150460.48,78567.94,16499.27,62068.67,51.14,21.1,48340.53,2025,2025-06
TXN20872,2025-04-18,Consulting,LATAM,R&D,234565.83,93427.29,46952.3,12052.02,5985.87,0.21,141138.54,94186.24,19779.11,74407.13,60.17,31.72,68340.98,2025,2025-04
TXN20873,2024-01-28,Consulting,APAC,Sales & Marketing,141876.09,63512.17,34162.79,20442.75,3049.83,0.21,78363.92,44201.13,9282.24,34918.89,55.23,24.61,17525.97,2024,2024-01
TXN20874,2024-03-18,Consulting,APAC,Administrative,237168.75,110343.61,55185.3,23113.59,5542.71,0.21,126825.14,71639.84,15044.37,56595.47,53.47,23.86,39024.59,2024,2024-03
TXN20875,2024-08-03,Consulting,APAC,Operations,208112.44,66515.64,62282.89,40784.15,6006.14,0.21,141596.8,79313.91,16655.92,62657.99,68.04,30.11,27879.98,2024,2024-08
TXN20876,2025-01-20,Consulting,LATAM,Administrative,177825.02,77553.8,52468.47,14058.41,3952.96,0.21,100271.22,47802.75,10038.58,37764.17,56.39,21.24,27658.72,2025,2025-01
TXN20877,2024-12-30,Enterprise Solutions,LATAM,Operations,89213.11,42584.11,25784.3,9088.52,2591.39,0.21,46629.0,20844.7,4377.39,16467.31,52.27,18.46,9970.18,2024,2024-12
TXN20878,2025-10-27,Consumer Hardware,EMEA,R&D,315981.26,108011.98,63966.15,32759.73,3393.38,0.21,207969.28,144003.13,30240.66,113762.47,65.82,36.0,84396.12,2025,2025-10
TXN20879,2025-06-09,Consulting,APAC,Operations,184935.39,91572.23,57203.61,9481.22,3614.18,0.21,93363.16,36159.55,7593.51,28566.04,50.48,15.45,22699.0,2025,2025-06
TXN20880,2025-11-29,Consumer Hardware,EMEA,Sales & Marketing,108386.75,48334.34,26937.31,19063.19,3735.1,0.21,60052.41,33115.1,6954.17,26160.93,55.41,24.14,10832.84,2025,2025-11
TXN20881,2024-11-07,Consulting,APAC,Operations,160327.81,86265.25,48059.61,8785.83,6015.52,0.21,74062.56,26002.95,5460.62,20542.33,46.19,12.81,17772.02,2024,2024-11
TXN20882,2024-01-07,SaaS Subscriptions,LATAM,COGS,174238.93,54119.58,49394.43,33284.33,4558.46,0.21,120119.35,70724.92,14852.23,55872.69,68.94,32.07,27146.82,2024,2024-01
TXN20883,2024-01-03,Consulting,EMEA,Sales & Marketing,298261.37,109262.54,74985.78,54823.77,7627.18,0.21,188998.83,114013.05,23942.74,90070.31,63.37,30.2,42873.72,2024,2024-01
TXN20884,2025-09-14,Cloud Services,EMEA,R&D,270084.31,121642.86,59468.9,35199.63,5173.79,0.21,148441.45,88972.55,18684.24,70288.31,54.96,26.02,40262.47,2025,2025-09
TXN20885,2024-12-28,Enterprise Solutions,North America,Sales & Marketing,280791.47,105055.31,60135.1,36935.12,7461.44,0.21,175736.16,115601.06,24276.22,91324.84,62.59,32.52,61851.16,2024,2024-12
TXN20886,2025-05-22,SaaS Subscriptions,APAC,COGS,53309.38,25514.19,17311.03,7893.34,2223.06,0.21,27795.19,10484.16,2201.67,8282.49,52.14,15.54,2612.21,2025,2025-05
TXN20887,2024-09-30,SaaS Subscriptions,LATAM,R&D,174846.2,85631.16,59055.99,18893.44,7460.46,0.21,89215.04,30159.05,6333.4,23825.65,51.02,13.63,12392.67,2024,2024-09
TXN20888,2025-05-20,Cloud Services,North America,Administrative,194403.25,63303.33,57828.78,28593.48,7070.22,0.21,131099.92,73271.14,15386.94,57884.2,67.44,29.78,36360.94,2025,2025-05
TXN20889,2024-01-15,Consulting,North America,COGS,55757.68,23890.14,12016.62,3162.31,846.58,0.21,31867.54,19850.92,4168.69,15682.23,57.15,28.13,13366.5,2024,2024-01
TXN20890,2024-07-10,Enterprise Solutions,APAC,R&D,127943.96,54660.56,33304.34,7434.46,2790.8,0.21,73283.4,39979.06,8395.6,31583.46,57.28,24.69,26939.8,2024,2024-07
TXN20891,2025-09-22,SaaS Subscriptions,North America,Operations,278086.95,109099.12,86023.66,32976.82,8342.97,0.21,168987.83,82964.17,17422.48,65541.69,60.77,23.57,40907.84,2025,2025-09
TXN20892,2025-04-29,Enterprise Solutions,APAC,Sales & Marketing,91132.91,48594.91,28886.68,12069.95,2399.89,0.21,42538.0,13651.32,2866.78,10784.54,46.68,11.83,1114.48,2025,2025-04
TXN20893,2024-01-28,SaaS Subscriptions,North America,R&D,210593.04,106744.68,45853.01,38574.88,5754.28,0.21,103848.36,57995.35,12179.02,45816.33,49.31,21.76,12995.73,2024,2024-01
TXN20894,2025-12-14,Consulting,APAC,Sales & Marketing,114560.56,54336.34,22912.64,7526.53,1900.27,0.21,60224.22,37311.58,7835.43,29476.15,52.57,25.73,23849.89,2025,2025-12
TXN20895,2024-02-08,SaaS Subscriptions,LATAM,Operations,53636.23,25669.32,16456.7,9300.37,1050.32,0.21,27966.91,11510.21,2417.14,9093.07,52.14,16.95,843.02,2024,2024-02
TXN20896,2024-09-29,SaaS Subscriptions,APAC,R&D,122360.44,50832.08,31017.08,9973.24,2788.56,0.21,71528.36,40511.28,8507.37,32003.91,58.46,26.16,24819.23,2024,2024-09
TXN20897,2024-08-18,Consumer Hardware,APAC,Administrative,342762.13,181749.15,81636.41,37399.65,12081.49,0.21,161012.98,79376.57,16669.08,62707.49,46.98,18.29,37389.33,2024,2024-08
TXN20898,2024-03-26,Consulting,EMEA,COGS,290461.13,137576.58,58654.16,28317.16,4257.6,0.21,152884.55,94230.39,19788.38,74442.01,52.64,25.63,50382.45,2024,2024-03
TXN20899,2025-04-18,Cloud Services,LATAM,R&D,337872.99,162937.65,94957.49,37173.9,10560.78,0.21,174935.34,79977.85,16795.35,63182.5,51.78,18.7,36569.38,2025,2025-04
TXN20900,2024-05-05,Cloud Services,LATAM,Operations,196356.21,101206.45,64340.55,14250.42,6002.8,0.21,95149.76,30809.21,6469.93,24339.28,48.46,12.4,16091.66,2024,2024-05
TXN20901,2025-06-20,Consulting,LATAM,R&D,82920.86,30557.82,28495.32,10409.51,1627.15,0.21,52363.04,23867.72,5012.22,18855.5,63.15,22.74,10073.14,2025,2025-06
TXN20902,2024-05-24,Cloud Services,North America,Sales & Marketing,214387.85,107572.9,61070.9,36498.76,6033.05,0.21,106814.95,45744.05,9606.25,36137.8,49.82,16.86,5672.09,2024,2024-05
TXN20903,2025-06-08,Consulting,EMEA,R&D,186313.2,64987.94,51640.28,21655.2,6208.01,0.21,121325.26,69684.98,14633.85,55051.13,65.12,29.55,39603.94,2025,2025-06
TXN20904,2024-07-30,Cloud Services,LATAM,Administrative,303307.12,117178.31,64531.16,37486.35,6538.43,0.21,186128.81,121597.65,25535.51,96062.14,61.37,31.67,65114.22,2024,2024-07
TXN20905,2024-01-25,Consumer Hardware,North America,R&D,79424.77,30491.38,22424.07,14083.21,3076.82,0.21,48933.39,26509.32,5566.96,20942.36,61.61,26.37,9935.97,2024,2024-01
TXN20906,2025-08-02,Cloud Services,North America,COGS,196472.34,107005.0,50492.78,30631.75,3983.56,0.21,89467.34,38974.56,8184.66,30789.9,45.54,15.67,4141.71,2025,2025-08
TXN20907,2025-01-28,SaaS Subscriptions,North America,R&D,95014.6,48850.27,27655.93,11740.78,1621.33,0.21,46164.33,18508.4,3886.76,14621.64,48.59,15.39,4502.19,2025,2025-01
TXN20908,2024-03-07,Consulting,EMEA,Sales & Marketing,147402.78,70059.43,38075.46,13067.9,5469.79,0.21,77343.35,39267.89,8246.26,31021.63,52.47,21.05,23423.52,2024,2024-03
TXN20909,2024-08-20,Enterprise Solutions,North America,R&D,271207.12,130657.88,64017.05,49560.12,5621.95,0.21,140549.24,76532.19,16071.76,60460.43,51.82,22.29,16522.26,2024,2024-08
TXN20910,2024-04-18,Enterprise Solutions,EMEA,Administrative,192805.44,84934.3,41307.56,26328.17,4446.37,0.21,107871.14,66563.58,13978.35,52585.23,55.95,27.27,30703.43,2024,2024-04
TXN20911,2024-05-25,Consulting,APAC,Operations,162766.49,87368.6,40242.02,13537.64,5199.28,0.21,75397.89,35155.87,7382.73,27773.14,46.32,17.06,19434.78,2024,2024-05
TXN20912,2024-04-20,Consumer Hardware,North America,R&D,168342.88,71388.27,36109.0,15212.8,2976.51,0.21,96954.61,60845.61,12777.58,48068.03,57.59,28.55,35831.74,2024,2024-04
TXN20913,2024-08-15,Cloud Services,LATAM,R&D,187834.03,74218.75,42550.9,32020.06,5174.89,0.21,113615.28,71064.38,14923.52,56140.86,60.49,29.89,29295.69,2024,2024-08
TXN20914,2024-04-20,Consumer Hardware,North America,COGS,285504.96,97288.34,99384.4,16165.81,6315.07,0.21,188216.62,88832.22,18654.77,70177.45,65.92,24.58,60326.71,2024,2024-04
TXN20915,2025-04-14,Enterprise Solutions,APAC,Administrative,317625.41,157717.34,84683.87,63148.32,6700.98,0.21,159908.07,75224.2,15797.08,59427.12,50.34,18.71,2979.78,2025,2025-04
TXN20916,2024-02-03,Consulting,APAC,Operations,336600.41,162783.65,94174.32,23411.48,6071.52,0.21,173816.76,79642.44,16724.91,62917.53,51.64,18.69,45577.57,2024,2024-02
TXN20917,2025-09-14,Consulting,North America,Sales & Marketing,286071.02,113309.51,94701.74,48463.37,12417.58,0.21,172761.51,78059.77,16392.55,61667.22,60.39,21.56,25621.43,2025,2025-09
TXN20918,2025-01-03,Consumer Hardware,APAC,R&D,144622.07,44297.5,50521.6,15795.09,3650.94,0.21,100324.57,49802.97,10458.62,39344.35,69.37,27.2,27200.2,2025,2025-01
TXN20919,2025-08-17,Consumer Hardware,EMEA,Operations,256440.41,130720.33,73702.81,31755.64,8972.61,0.21,125720.08,52017.27,10923.63,41093.64,49.03,16.02,18310.61,2025,2025-08
TXN20920,2025-07-07,Cloud Services,EMEA,Sales & Marketing,181280.94,54901.75,58349.09,33010.82,8421.51,0.21,126379.19,68030.1,14286.32,53743.78,69.71,29.65,29154.47,2025,2025-07
TXN20921,2025-02-28,SaaS Subscriptions,North America,Administrative,126401.19,60157.48,31479.1,14148.93,3235.33,0.21,66243.71,34764.61,7300.57,27464.04,52.41,21.73,16550.44,2025,2025-02
TXN20922,2025-09-04,SaaS Subscriptions,EMEA,Administrative,302261.47,163996.28,74314.49,39482.62,7728.92,0.21,138265.19,63950.7,13429.65,50521.05,45.74,16.71,18767.35,2025,2025-09
TXN20923,2025-06-01,Cloud Services,EMEA,Operations,61527.9,25190.47,16022.21,3531.39,1539.79,0.21,36337.43,20315.22,4266.2,16049.02,59.06,26.08,14057.42,2025,2025-06
TXN20924,2025-11-22,SaaS Subscriptions,LATAM,Sales & Marketing,320528.6,114987.5,96439.39,16139.29,7964.83,0.21,205541.1,109101.71,22911.36,86190.35,64.13,26.89,78015.89,2025,2025-11
TXN20925,2024-10-08,Enterprise Solutions,North America,Administrative,188443.24,89740.02,56971.81,16341.79,5558.48,0.21,98703.22,41731.41,8763.6,32967.81,52.38,17.49,22184.5,2024,2024-10
TXN20926,2024-11-15,SaaS Subscriptions,APAC,Operations,241160.44,121612.88,59635.58,36677.48,6576.66,0.21,119547.56,59911.98,12581.52,47330.46,49.57,19.63,17229.64,2024,2024-11
TXN20927,2025-03-18,Cloud Services,North America,Administrative,247806.18,108194.05,54512.77,16897.84,8100.55,0.21,139612.13,85099.36,17870.87,67228.49,56.34,27.13,58431.2,2025,2025-03
TXN20928,2024-11-10,SaaS Subscriptions,EMEA,Administrative,318535.32,172569.32,93923.15,21362.35,13503.94,0.21,145966.0,52042.85,10929.0,41113.85,45.82,12.91,33255.44,2024,2024-11
TXN20929,2025-01-11,Consulting,LATAM,Administrative,241000.9,75413.32,52839.18,26906.33,7197.5,0.21,165587.58,112748.4,23677.16,89071.24,68.71,36.96,69362.41,2025,2025-01
TXN20930,2024-10-15,Consumer Hardware,North America,COGS,234180.08,99807.29,67156.73,34465.58,9328.95,0.21,134372.79,67216.06,14115.37,53100.69,57.38,22.68,27964.06,2024,2024-10
TXN20931,2025-03-12,Enterprise Solutions,North America,Sales & Marketing,69995.61,33570.84,21279.6,10976.07,2059.54,0.21,36424.77,15145.17,3180.49,11964.68,52.04,17.09,3048.15,2025,2025-03
TXN20932,2025-10-23,Consulting,EMEA,Operations,205522.41,105979.71,62703.19,15777.46,7257.54,0.21,99542.7,36839.51,7736.3,29103.21,48.43,14.16,20583.29,2025,2025-10
TXN20933,2024-10-03,Consulting,EMEA,Operations,95050.7,32774.8,29752.85,5887.27,4150.72,0.21,62275.9,32523.05,6829.84,25693.21,65.52,27.03,23956.66,2024,2024-10
TXN20934,2025-12-10,Cloud Services,North America,Sales & Marketing,271230.13,135615.3,89757.89,51821.11,8014.94,0.21,135614.83,45856.94,9629.96,36226.98,50.0,13.36,-7579.19,2025,2025-12
TXN20935,2025-08-04,Consumer Hardware,EMEA,Sales & Marketing,203666.58,89241.96,56007.06,18146.68,8186.9,0.21,114424.62,58417.56,12267.69,46149.87,56.18,22.66,36190.09,2025,2025-08
TXN20936,2025-05-17,Consumer Hardware,EMEA,Sales & Marketing,254068.33,101408.43,78643.65,45224.67,7202.08,0.21,152659.9,74016.25,15543.41,58472.84,60.09,23.01,20450.25,2025,2025-05
TXN20937,2025-09-15,Enterprise Solutions,EMEA,Sales & Marketing,62501.87,20808.67,18305.29,11220.57,2015.56,0.21,41693.2,23387.91,4911.46,18476.45,66.71,29.56,9271.44,2025,2025-09
TXN20938,2025-05-30,Cloud Services,EMEA,R&D,75437.6,38950.24,17199.47,12513.47,2080.8,0.21,36487.36,19287.89,4050.46,15237.43,48.37,20.2,4804.76,2025,2025-05
TXN20939,2024-12-15,Enterprise Solutions,EMEA,Operations,264897.02,89884.41,54000.17,19953.38,7833.22,0.21,175012.61,121012.44,25412.61,95599.83,66.07,36.09,83479.67,2024,2024-12
TXN20940,2025-03-21,SaaS Subscriptions,LATAM,R&D,71625.3,27034.75,17382.11,12410.53,1294.3,0.21,44590.55,27208.44,5713.77,21494.67,62.26,30.01,10378.44,2025,2025-03
TXN20941,2024-12-15,Consulting,EMEA,Administrative,71377.02,26588.75,19018.77,11804.87,2369.99,0.21,44788.27,25769.5,5411.59,20357.91,62.75,28.52,10923.03,2024,2024-12
TXN20942,2025-08-29,Enterprise Solutions,APAC,Administrative,53632.54,27773.8,15691.05,7482.19,1601.77,0.21,25858.74,10167.69,2135.21,8032.48,48.21,14.98,2152.06,2025,2025-08
TXN20943,2025-10-25,Consulting,North America,Operations,336950.42,157752.01,110349.21,33890.58,8480.97,0.21,179198.41,68849.2,14458.33,54390.87,53.18,16.14,28981.26,2025,2025-10
TXN20944,2024-05-16,Cloud Services,LATAM,Administrative,271252.51,135401.21,62235.32,24243.54,7945.0,0.21,135851.3,73615.98,15459.36,58156.62,50.08,21.44,41858.08,2024,2024-05
TXN20945,2024-08-30,SaaS Subscriptions,LATAM,Sales & Marketing,155975.42,56559.34,34132.49,10650.53,3591.5,0.21,99416.08,65283.59,13709.55,51574.04,63.74,33.07,44515.01,2024,2024-08
TXN20946,2025-06-26,Cloud Services,EMEA,R&D,138960.67,63396.43,47875.01,17573.46,5558.16,0.21,75564.24,27689.23,5814.74,21874.49,54.38,15.74,9859.19,2025,2025-06
TXN20947,2024-02-09,SaaS Subscriptions,North America,Sales & Marketing,154910.97,68615.72,33492.79,21345.05,2756.13,0.21,86295.25,52802.46,11088.52,41713.94,55.71,26.93,23125.02,2024,2024-02
TXN20948,2024-08-16,SaaS Subscriptions,APAC,Administrative,282396.06,143515.82,76747.81,29341.19,7531.06,0.21,138880.24,62132.43,13047.81,49084.62,49.18,17.38,27274.49,2024,2024-08
TXN20949,2025-07-01,Consulting,EMEA,R&D,248411.18,130793.89,71501.32,30133.24,7989.23,0.21,117617.29,46115.97,9684.35,36431.62,47.35,14.67,14287.61,2025,2025-07
TXN20950,2024-08-10,Cloud Services,North America,Sales & Marketing,105558.67,31988.41,29683.75,11033.75,2686.11,0.21,73570.26,43886.51,9216.17,34670.34,69.7,32.84,26322.7,2024,2024-08
TXN20951,2024-01-06,Cloud Services,EMEA,Operations,102232.8,47896.58,21765.86,14941.42,1520.07,0.21,54336.22,32570.36,6839.78,25730.58,53.15,25.17,12309.23,2024,2024-01
TXN20952,2024-11-17,Enterprise Solutions,EMEA,Sales & Marketing,79518.69,24886.09,16583.94,14725.98,2423.98,0.21,54632.6,38048.66,7990.22,30058.44,68.7,37.8,17756.44,2024,2024-11
TXN20953,2025-04-12,Cloud Services,EMEA,Administrative,248090.82,108468.94,53543.58,18504.61,5415.76,0.21,139621.88,86078.3,18076.44,68001.86,56.28,27.41,54913.01,2025,2025-04
TXN20954,2024-03-15,Enterprise Solutions,EMEA,R&D,279311.8,103878.34,80396.59,29945.39,9920.3,0.21,175433.46,95036.87,19957.74,75079.13,62.81,26.88,55054.04,2024,2024-03
TXN20955,2024-01-04,Consumer Hardware,EMEA,Operations,129513.93,48787.14,36477.82,9212.36,3323.3,0.21,80726.79,44248.97,9292.28,34956.69,62.33,26.99,29067.63,2024,2024-01
TXN20956,2025-10-07,Consumer Hardware,EMEA,R&D,56283.49,21851.48,13230.06,8090.28,1131.34,0.21,34432.01,21201.95,4452.41,16749.54,61.18,29.76,9790.6,2025,2025-10
TXN20957,2024-04-27,Consumer Hardware,EMEA,Operations,74651.5,33990.55,22071.92,11894.27,2002.29,0.21,40660.95,18589.03,3903.7,14685.33,54.47,19.67,4793.35,2024,2024-04
TXN20958,2025-08-28,Cloud Services,APAC,R&D,340358.01,130531.55,109939.08,64595.5,9995.62,0.21,209826.46,99887.38,20976.35,78911.03,61.65,23.18,24311.15,2025,2025-08
TXN20959,2025-05-18,Cloud Services,LATAM,Administrative,138633.43,66984.18,28591.32,12730.82,2985.45,0.21,71649.25,43057.93,9042.17,34015.76,51.68,24.54,24270.39,2025,2025-05
TXN20960,2025-07-27,Enterprise Solutions,APAC,Operations,280766.94,112624.56,77132.15,54056.53,8048.51,0.21,168142.38,91010.23,19112.15,71898.08,59.89,25.61,25890.06,2025,2025-07
TXN20961,2025-03-16,SaaS Subscriptions,EMEA,COGS,237399.07,75276.47,72026.06,14122.73,7182.11,0.21,162122.6,90096.54,18920.27,71176.27,68.29,29.98,64235.65,2025,2025-03
TXN20962,2024-07-12,Enterprise Solutions,EMEA,R&D,164581.89,81622.74,39145.27,23115.87,2484.89,0.21,82959.15,43813.88,9200.91,34612.97,50.41,21.03,13981.99,2024,2024-07
TXN20963,2025-12-15,Consumer Hardware,APAC,R&D,111706.18,41492.1,27498.22,6542.62,2739.03,0.21,70214.08,42715.86,8970.33,33745.53,62.86,30.21,29941.94,2025,2025-12
TXN20964,2025-01-26,Enterprise Solutions,APAC,Sales & Marketing,86415.93,35274.27,25237.4,15906.24,1688.64,0.21,51141.66,25904.26,5439.89,20464.37,59.18,23.68,6246.77,2025,2025-01
TXN20965,2024-01-26,SaaS Subscriptions,LATAM,Operations,234503.89,110535.98,78486.18,30361.54,4914.3,0.21,123967.91,45481.73,9551.16,35930.57,52.86,15.32,10483.33,2024,2024-01
TXN20966,2025-03-10,Cloud Services,APAC,COGS,282390.13,108187.62,90785.23,42472.11,13006.31,0.21,174202.51,83417.28,17517.63,65899.65,61.69,23.34,36433.85,2025,2025-03
TXN20967,2024-06-21,Enterprise Solutions,LATAM,Administrative,243171.28,76391.38,69904.33,42490.8,7724.08,0.21,166779.9,96875.57,20343.87,76531.7,68.59,31.47,41764.98,2024,2024-06
TXN20968,2024-10-26,Consumer Hardware,EMEA,Sales & Marketing,209090.64,82273.04,64720.51,15168.81,7504.28,0.21,126817.6,62097.09,13040.39,49056.7,60.65,23.46,41392.17,2024,2024-10
TXN20969,2025-10-06,Consumer Hardware,North America,COGS,62585.37,33552.78,15941.96,3491.56,1437.64,0.21,29032.59,13090.63,2749.03,10341.6,46.39,16.52,8287.68,2025,2025-10
TXN20970,2024-11-21,Cloud Services,North America,Operations,340546.63,156799.11,100851.12,61922.33,14209.73,0.21,183747.52,82896.4,17408.24,65488.16,53.96,19.23,17775.56,2024,2024-11
TXN20971,2025-02-13,Enterprise Solutions,North America,COGS,289614.26,135501.76,78174.78,28162.09,8895.75,0.21,154112.5,75937.72,15946.92,59990.8,53.21,20.71,40724.46,2025,2025-02
TXN20972,2024-04-27,SaaS Subscriptions,North America,R&D,137846.61,63143.47,31496.63,9559.23,3997.46,0.21,74703.14,43206.51,9073.37,34133.14,54.19,24.76,28571.37,2024,2024-04
TXN20973,2025-12-24,Cloud Services,EMEA,R&D,343991.1,120310.21,105006.98,41371.53,9120.51,0.21,223680.89,118673.91,24921.52,93752.39,65.03,27.25,61501.37,2025,2025-12
TXN20974,2024-08-12,Enterprise Solutions,North America,Sales & Marketing,230564.48,93282.58,53872.385,32220.44,9542.35,0.21,137281.9,83409.51,17516.0,65893.51,59.54,28.58,43215.42,2024,2024-08
TXN20975,2025-06-15,Consulting,APAC,Operations,224726.8,109607.11,57034.14,12280.33,7531.14,0.21,115119.69,58085.55,12197.97,45887.58,51.23,20.42,41138.39,2025,2025-06
TXN20976,2024-04-22,Consumer Hardware,APAC,Operations,274421.95,89281.32,92398.11,25036.71,12510.23,0.21,185140.63,92742.52,19475.93,73266.59,67.47,26.7,60740.11,2024,2024-04
TXN20977,2024-05-19,SaaS Subscriptions,North America,COGS,293530.94,108448.88,59627.91,16120.71,4008.15,0.21,185082.06,125454.15,26345.37,99108.78,63.05,33.76,86996.22,2024,2024-05
TXN20978,2025-07-12,SaaS Subscriptions,APAC,Sales & Marketing,246943.58,91141.88,61085.44,27917.05,4709.46,0.21,155801.7,94716.26,19890.41,74825.85,63.09,30.3,51618.26,2025,2025-07
TXN20979,2024-01-01,SaaS Subscriptions,LATAM,Operations,88428.72,36079.34,18440.24,16294.32,1448.71,0.21,52349.38,33909.14,7120.92,26788.22,59.2,30.29,11942.61,2024,2024-01
TXN20980,2024-03-30,Consumer Hardware,EMEA,R&D,151480.25,82570.7,47713.11,29901.88,3678.25,0.21,68909.55,21196.44,4451.25,16745.19,45.49,11.05,-9478.44,2024,2024-03
TXN20981,2025-10-15,Enterprise Solutions,North America,COGS,328425.09,104069.91,100273.47,47804.61,13591.15,0.21,224355.18,124081.71,26057.16,98024.55,68.31,29.85,63811.09,2025,2025-10
TXN20982,2024-11-15,Cloud Services,North America,Administrative,117384.68,50437.29,29311.29,8715.3,1559.02,0.21,66947.39,37636.1,7903.58,29732.52,57.03,25.33,22576.24,2024,2024-11
TXN20983,2025-07-03,Enterprise Solutions,EMEA,R&D,161650.11,55743.61,48713.17,30047.1,2806.37,0.21,105906.5,57193.33,12010.6,45182.73,65.52,27.95,17942.0,2025,2025-07
TXN20984,2024-05-18,Cloud Services,APAC,Sales & Marketing,179623.06,97475.89,46592.53,22890.66,3605.87,0.21,82147.17,35554.64,7466.47,28088.17,45.73,15.64,8803.38,2024,2024-05
TXN20985,2025-05-25,SaaS Subscriptions,EMEA,Operations,181821.5,59696.7,56989.78,13284.31,3988.56,0.21,122124.8,65135.02,13678.35,51456.67,67.17,28.3,42160.92,2025,2025-05
TXN20986,2024-09-15,Enterprise Solutions,EMEA,R&D,233881.87,93763.3,62710.17,44030.37,4589.5,0.21,140118.57,77408.4,16255.76,61152.64,59.91,26.15,21711.77,2024,2024-09
TXN20987,2025-11-03,SaaS Subscriptions,APAC,Administrative,332922.75,161291.5,87173.15,54472.94,11314.58,0.21,171631.25,84458.1,17736.2,66721.9,51.55,20.04,23563.54,2025,2025-11
TXN20988,2025-11-20,Consulting,EMEA,Administrative,122207.81,58187.86,41576.26,19523.41,4420.08,0.21,64019.95,22443.69,4713.17,17730.52,52.39,14.51,2627.19,2025,2025-11
TXN20989,2024-01-10,SaaS Subscriptions,APAC,Sales & Marketing,86450.41,35071.39,20543.37,13518.87,1039.02,0.21,51379.02,30835.65,6475.49,24360.16,59.43,28.18,11880.31,2024,2024-01
TXN20990,2024-09-17,SaaS Subscriptions,APAC,R&D,109241.15,42236.02,23821.9,8744.86,2213.82,0.21,67005.13,43183.23,9068.48,34114.75,61.34,31.23,27583.71,2024,2024-09
TXN20991,2025-10-11,Cloud Services,EMEA,COGS,316077.47,126242.32,90929.63,25808.04,8255.36,0.21,189835.15,98905.52,20770.16,78135.36,60.06,24.72,60582.68,2025,2025-10
TXN20992,2024-06-20,Consulting,LATAM,R&D,243743.24,89226.86,84188.5,37352.18,5168.71,0.21,154516.38,70327.88,14768.85,55559.03,63.39,22.79,23375.56,2024,2024-06
TXN20993,2024-01-13,SaaS Subscriptions,APAC,Administrative,135772.04,47701.23,34849.41,11263.43,4098.78,0.21,88070.81,53221.4,11176.49,42044.91,64.87,30.97,34880.26,2024,2024-01
TXN20994,2024-06-16,SaaS Subscriptions,EMEA,Sales & Marketing,294784.08,124033.33,61699.93,34136.22,7416.93,0.21,170750.75,109050.82,22900.67,86150.15,57.92,29.22,59430.86,2024,2024-06
TXN20995,2025-10-03,Consulting,APAC,Sales & Marketing,308411.0,113227.99,77379.02,51597.24,9447.15,0.21,195183.01,117803.99,24738.84,93065.15,63.29,30.18,50915.06,2025,2025-10
TXN20996,2025-08-18,Consulting,LATAM,COGS,303954.3,113030.09,83857.88,50940.58,10301.7,0.21,190924.21,107066.33,22483.93,84582.4,62.81,27.83,43943.52,2025,2025-08
TXN20997,2024-11-16,Enterprise Solutions,LATAM,Sales & Marketing,325677.96,151176.13,73045.81,38426.5,3652.68,0.21,174501.83,101456.02,21305.76,80150.26,53.58,24.61,45376.44,2024,2024-11
TXN20998,2024-11-14,Cloud Services,North America,Sales & Marketing,125672.31,68131.27,37540.24,21217.07,5458.05,0.21,57541.04,20000.8,4200.17,15800.63,45.79,12.57,41.61,2024,2024-11
TXN20999,2025-09-04,Consulting,APAC,Sales & Marketing,276512.58,124682.09,96686.05,48609.05,12706.57,0.21,151830.49,55144.44,11580.33,43564.11,54.91,15.75,7661.63,2025,2025-09
TXN21000,2024-11-24,Consulting,APAC,Sales & Marketing,188161.85,60069.7,50382.39,27888.66,7073.6,0.21,128092.15,77709.76,16319.05,61390.71,68.08,32.63,40575.65,2024,2024-11
TXN21001,2025-07-03,Consumer Hardware,EMEA,Sales & Marketing,302599.57,96497.76,76621.02,25498.21,3950.91,0.21,206101.81,129480.79,27190.97,102289.82,68.11,33.8,80742.52,2025,2025-07
TXN21002,2025-02-22,Consulting,APAC,Administrative,268547.2,144439.67,69850.64,24465.12,10015.6,0.21,124107.53,54256.89,11393.95,42862.94,46.21,15.96,28413.42,2025,2025-02
TXN21003,2025-08-28,Cloud Services,North America,R&D,282934.23,105908.71,61473.67,27508.61,8051.75,0.21,177025.52,115551.85,24265.89,91285.96,62.57,32.26,71829.1,2025,2025-08
TXN21004,2024-04-04,SaaS Subscriptions,LATAM,Operations,246848.55,79736.22,82074.93,16667.37,10975.22,0.21,167112.33,85037.4,17857.85,67179.55,67.7,27.21,61487.4,2024,2024-04
TXN21005,2025-08-03,SaaS Subscriptions,LATAM,Sales & Marketing,103228.63,46428.23,27069.01,9391.12,1605.97,0.21,56800.4,29731.39,6243.59,23487.8,55.02,22.75,15702.65,2025,2025-08
TXN21006,2024-11-13,SaaS Subscriptions,North America,Operations,213508.08,97340.94,55104.55,17385.51,6826.23,0.21,116167.14,61062.59,12823.14,48239.45,54.41,22.59,37680.17,2024,2024-11
TXN21007,2024-08-23,SaaS Subscriptions,APAC,Operations,345400.92,159618.82,103258.83,40860.69,15074.93,0.21,185782.1,82523.27,17329.89,65193.38,53.79,18.87,39407.62,2024,2024-08
TXN21008,2024-11-29,Consumer Hardware,APAC,Administrative,331216.42,121506.91,88204.59,61694.24,10395.33,0.21,209709.51,121504.92,25516.03,95988.89,63.31,28.98,44689.98,2024,2024-11
TXN21009,2025-01-10,Consulting,North America,Sales & Marketing,62952.12,19123.45,18711.57,4134.19,2003.19,0.21,43828.67,25117.1,5274.59,19842.51,69.62,31.52,17711.51,2025,2025-01
TXN21010,2025-04-03,SaaS Subscriptions,EMEA,Operations,99444.44,53824.69,20805.46,15716.22,3007.7,0.21,45619.75,24814.29,5211.0,19603.29,45.87,19.71,6894.77,2025,2025-04
TXN21011,2024-05-16,Enterprise Solutions,LATAM,Sales & Marketing,89518.63,32470.49,28830.24,13704.63,2718.51,0.21,57048.14,28217.9,5925.76,22292.14,63.73,24.9,11306.02,2024,2024-05
TXN21012,2025-08-10,SaaS Subscriptions,North America,COGS,267793.97,125597.13,91337.99,17236.06,10040.73,0.21,142196.84,50858.85,10680.36,40178.49,53.1,15.0,32983.16,2025,2025-08
TXN21013,2025-06-30,Consulting,North America,COGS,295335.6,140773.92,87807.65,55637.05,8573.0,0.21,154561.68,66754.03,14018.35,52735.68,52.33,17.86,5671.63,2025,2025-06
TXN21014,2025-05-27,SaaS Subscriptions,APAC,COGS,114053.41,51609.38,39141.41,15428.1,5608.36,0.21,62444.03,23302.62,4893.55,18409.07,54.75,16.14,8589.33,2025,2025-05
TXN21015,2024-10-22,Consumer Hardware,LATAM,Operations,201755.81,76309.46,44934.01,21095.35,2588.58,0.21,125446.35,80512.34,16907.59,63604.75,62.18,31.53,45097.98,2024,2024-10
TXN21016,2024-11-15,Cloud Services,APAC,COGS,302210.91,111145.33,82084.24,49405.68,8217.61,0.21,191065.58,108981.34,22886.08,86095.26,63.22,28.49,44907.19,2024,2024-11
TXN21017,2025-07-25,Cloud Services,North America,Administrative,269840.46,121270.91,78326.86,23909.17,9297.03,0.21,148569.55,70242.69,14750.96,55491.73,55.06,20.56,40879.59,2025,2025-07
TXN21018,2024-12-14,Consulting,EMEA,Administrative,212671.16,109849.74,61092.02,32756.99,7892.52,0.21,102821.42,41729.4,8763.17,32966.23,48.35,15.5,8101.76,2024,2024-12
TXN21019,2024-08-16,Cloud Services,LATAM,Operations,227104.31,121883.12,59096.92,12708.0,6400.31,0.21,105221.19,46124.27,9686.1,36438.17,46.33,16.04,30130.48,2024,2024-08
TXN21020,2024-09-26,Cloud Services,North America,Sales & Marketing,202508.16,66114.15,50771.36,35623.46,7153.27,0.21,136394.01,85622.65,17980.76,67641.89,67.35,33.4,39171.7,2024,2024-09
TXN21021,2024-10-17,Enterprise Solutions,North America,R&D,139264.54,47169.89,30502.22,16325.37,4398.39,0.21,92094.65,61592.43,12934.41,48658.02,66.13,34.94,36731.04,2024,2024-10
TXN21022,2025-12-25,Consulting,EMEA,Sales & Marketing,219506.6,117695.94,56799.83,31939.07,3205.32,0.21,101810.66,45010.83,9452.27,35558.56,46.38,16.2,6824.81,2025,2025-12
TXN21023,2024-06-13,Consulting,North America,Sales & Marketing,256665.59,124260.49,57595.53,21350.9,5197.25,0.21,132405.1,74809.57,15710.01,59099.56,51.59,23.03,42945.91,2024,2024-06
TXN21024,2024-01-05,Cloud Services,North America,Sales & Marketing,311996.87,162471.89,96767.34,47286.58,5065.37,0.21,149524.98,52757.64,11079.1,41678.54,47.93,13.36,-542.67,2024,2024-01
TXN21025,2025-01-13,Cloud Services,LATAM,Sales & Marketing,240887.41,84469.13,55723.19,39947.81,4621.77,0.21,156418.28,100695.09,21145.97,79549.12,64.93,33.02,44223.08,2025,2025-01
TXN21026,2024-03-18,Cloud Services,LATAM,R&D,278336.46,124387.58,58112.42,33673.7,6025.49,0.21,153948.88,95836.46,20125.66,75710.8,55.31,27.2,48062.59,2024,2024-03
TXN21027,2025-02-13,Consumer Hardware,LATAM,COGS,98021.49,46588.13,27725.86,13983.65,3911.55,0.21,51433.36,23707.5,4978.58,18728.92,52.47,19.11,8656.82,2025,2025-02
TXN21028,2025-07-27,SaaS Subscriptions,APAC,Sales & Marketing,188467.24,88584.88,54520.64,22323.74,7341.5,0.21,99882.36,45361.72,9525.96,35835.76,53.0,19.01,20853.52,2025,2025-07
TXN21029,2024-05-11,Consumer Hardware,EMEA,Administrative,52799.49,21227.4,17465.38,9721.11,1095.95,0.21,31572.09,14106.71,2962.41,11144.3,59.8,21.11,2519.14,2024,2024-05
TXN21030,2025-08-23,Consulting,LATAM,Operations,124003.66,37678.35,35532.91,15460.82,2107.21,0.21,86325.31,50792.4,10666.4,40126.0,69.62,32.36,26772.39,2025,2025-08
TXN21031,2024-02-11,Enterprise Solutions,APAC,Operations,267938.51,119428.64,67472.85,47229.87,7349.6,0.21,148509.87,81037.02,17017.77,64019.25,55.43,23.89,24138.98,2024,2024-02
TXN21032,2024-03-29,SaaS Subscriptions,APAC,Administrative,347542.99,126253.81,111370.77,59152.79,11494.78,0.21,221289.18,109918.41,23082.87,86835.54,63.67,24.99,39177.53,2024,2024-03
TXN21033,2025-02-05,Enterprise Solutions,EMEA,Sales & Marketing,79753.43,32903.36,22414.05,8898.55,1717.76,0.21,46850.07,24436.02,5131.56,19304.46,58.74,24.21,12123.67,2025,2025-02
TXN21034,2024-10-22,Consulting,EMEA,R&D,170448.29,91939.0,36116.64,14405.04,5054.35,0.21,78509.29,42392.65,8902.46,33490.19,46.06,19.65,24139.5,2024,2024-10
TXN21035,2024-10-21,Consulting,North America,COGS,290021.29,115938.57,82620.56,32166.93,11792.98,0.21,174082.72,91462.16,19207.05,72255.11,60.02,24.91,51881.16,2024,2024-10
TXN21036,2025-09-07,Enterprise Solutions,APAC,Operations,111210.69,56711.94,37389.34,19343.17,3374.8,0.21,54498.75,17109.41,3592.98,13516.43,49.0,12.15,-2451.94,2025,2025-09
TXN21037,2025-06-09,Enterprise Solutions,LATAM,COGS,216525.48,75163.61,56176.86,18219.51,7810.28,0.21,141361.87,85185.01,17888.85,67296.16,65.29,31.08,56886.93,2025,2025-06
TXN21038,2025-11-21,Enterprise Solutions,EMEA,R&D,269921.39,126354.28,65981.98,34729.56,5832.47,0.21,143567.11,77585.13,16292.88,61292.25,53.19,22.71,32395.16,2025,2025-11
TXN21039,2025-09-28,Consulting,APAC,Operations,234795.64,127787.93,52012.03,40129.98,6432.94,0.21,107007.71,54995.68,11549.09,43446.59,45.57,18.5,9749.55,2025,2025-09
TXN21040,2025-02-25,Cloud Services,LATAM,COGS,106407.42,34632.77,23698.72,10962.26,2312.86,0.21,71774.65,48075.93,10095.95,37979.98,67.45,35.69,29330.58,2025,2025-02
TXN21041,2024-01-23,Enterprise Solutions,APAC,R&D,156615.37,47310.37,41489.87,22917.75,2583.09,0.21,109305.0,67815.13,14241.18,53573.95,69.79,34.21,33239.29,2024,2024-01
TXN21042,2025-07-28,SaaS Subscriptions,EMEA,COGS,285137.54,116448.94,82505.11,24762.69,11781.19,0.21,168688.6,86183.49,18098.53,68084.96,59.16,23.88,55103.46,2025,2025-07
TXN21043,2024-05-22,Consulting,North America,Sales & Marketing,216267.95,69888.37,45868.77,14358.44,4376.32,0.21,146379.58,100510.81,21107.27,79403.54,67.68,36.72,69421.42,2024,2024-05
TXN21044,2025-10-26,Consumer Hardware,APAC,R&D,51568.88,25119.0,17581.65,8723.27,2170.43,0.21,26449.88,8868.23,1862.33,7005.9,51.29,13.59,453.06,2025,2025-10
TXN21045,2024-05-24,Consumer Hardware,LATAM,COGS,278297.23,147118.26,87182.18,18046.27,7560.21,0.21,131178.97,43996.79,9239.33,34757.46,47.14,12.49,24271.4,2024,2024-05
TXN21046,2024-08-12,SaaS Subscriptions,EMEA,Sales & Marketing,60593.41,24752.72,17450.51,5496.26,905.47,0.21,35840.69,18390.18,3861.94,14528.24,59.15,23.98,9937.45,2024,2024-08
TXN21047,2025-05-17,Cloud Services,North America,Sales & Marketing,273720.13,99819.69,88758.08,48795.11,5330.19,0.21,173900.44,85142.36,17879.9,67262.46,63.53,24.57,23797.54,2025,2025-05
TXN21048,2025-09-07,Enterprise Solutions,LATAM,R&D,110744.17,45250.16,23480.87,11292.63,2339.21,0.21,65494.01,42013.14,8822.76,33190.38,59.14,29.97,24236.96,2025,2025-09
TXN21049,2024-04-13,Consulting,LATAM,Administrative,337422.04,162253.42,91618.8,66120.14,10902.31,0.21,175168.62,83549.82,17545.46,66004.36,51.91,19.56,10786.53,2024,2024-04
TXN21050,2024-02-08,Enterprise Solutions,LATAM,Operations,160382.23,48477.7,47234.81,31588.91,3942.86,0.21,111904.53,64669.72,13580.64,51089.08,69.77,31.85,23443.03,2024,2024-02
TXN21051,2024-07-16,Consulting,APAC,R&D,148079.48,66245.36,48021.87,13362.9,5740.96,0.21,81834.12,33812.25,7100.57,26711.68,55.26,18.04,19089.74,2024,2024-07
TXN21052,2025-10-07,Consumer Hardware,EMEA,Sales & Marketing,94666.42,42914.46,30058.52,5315.21,3602.92,0.21,51751.96,21693.44,4555.62,17137.82,54.67,18.1,15425.53,2025,2025-10
TXN21053,2025-08-01,Enterprise Solutions,LATAM,Sales & Marketing,141681.26,65091.5,34224.58,22068.2,4120.42,0.21,76589.76,42365.18,8896.69,33468.49,54.06,23.62,15520.71,2025,2025-08
TXN21054,2025-01-25,SaaS Subscriptions,APAC,R&D,312995.23,112836.51,106772.7,36823.25,10597.42,0.21,200158.72,93386.02,19611.06,73774.96,63.95,23.57,47549.13,2025,2025-01
TXN21055,2024-06-27,Cloud Services,EMEA,Administrative,348900.3,166953.39,76287.71,22717.92,10793.84,0.21,181946.91,105659.2,22188.43,83470.77,52.15,23.92,71546.69,2024,2024-06
TXN21056,2025-07-07,SaaS Subscriptions,EMEA,Operations,160492.86,51814.78,53166.48,25057.5,5259.21,0.21,108678.08,55511.6,11657.44,43854.16,67.72,27.32,24055.87,2025,2025-07
TXN21057,2025-03-23,Cloud Services,APAC,COGS,184583.19,64570.45,63799.53,10092.31,6062.65,0.21,120012.74,56213.21,11804.77,44408.44,65.02,24.06,40378.78,2025,2025-03
TXN21058,2025-05-14,Enterprise Solutions,APAC,R&D,266621.28,138474.43,60409.19,48133.01,4224.9,0.21,128146.85,67737.66,14224.91,53512.75,48.06,20.07,9604.64,2025,2025-05
TXN21059,2024-01-15,Enterprise Solutions,LATAM,Operations,315858.73,153090.66,97382.38,22362.13,7865.14,0.21,162768.07,65385.69,13730.99,51654.7,51.53,16.35,37157.71,2024,2024-01
TXN21060,2025-09-14,Cloud Services,EMEA,Operations,227913.3,69157.19,46959.9,15748.08,2546.8,0.21,158756.11,111796.21,23477.2,88319.01,69.66,38.75,75117.73,2025,2025-09
TXN21061,2025-10-30,Consumer Hardware,North America,Sales & Marketing,167457.71,60635.44,43675.22,12785.54,4950.74,0.21,106822.27,63147.05,13260.88,49886.17,63.79,29.79,42051.37,2025,2025-10
TXN21062,2024-10-15,Consulting,APAC,COGS,173786.55,61451.21,48215.77,33721.53,3609.12,0.21,112335.34,64119.57,13465.11,50654.46,64.64,29.15,20542.05,2024,2024-10
TXN21063,2025-04-22,SaaS Subscriptions,EMEA,R&D,258685.44,95119.05,74267.76,39831.2,5972.28,0.21,163566.39,89298.63,18752.71,70545.92,63.23,27.27,36687.0,2025,2025-04
TXN21064,2024-08-18,SaaS Subscriptions,EMEA,Sales & Marketing,50965.48,18443.89,17348.17,8674.62,2204.63,0.21,32521.59,15173.42,3186.42,11987.0,63.81,23.52,5517.01,2024,2024-08
TXN21065,2025-02-23,SaaS Subscriptions,LATAM,Sales & Marketing,235876.8,74450.17,70960.61,25862.77,5870.01,0.21,161426.63,90466.02,18997.86,71468.16,68.44,30.3,51475.4,2025,2025-02
TXN21066,2024-06-05,Enterprise Solutions,North America,Administrative,156647.9,64967.39,42638.26,15734.8,3164.59,0.21,91680.51,49042.25,10298.87,38743.38,58.53,24.73,26173.17,2024,2024-06
TXN21067,2025-07-03,SaaS Subscriptions,LATAM,Operations,288259.2,139282.05,92661.28,24551.79,6199.57,0.21,148977.15,56315.87,11826.33,44489.54,51.68,15.43,26137.32,2025,2025-07
TXN21068,2025-03-16,Consulting,North America,R&D,77897.19,35184.83,26686.01,9511.03,3402.09,0.21,42712.36,16026.35,3365.53,12660.82,54.83,16.25,6551.88,2025,2025-03
TXN21069,2024-04-06,Consulting,North America,R&D,226460.68,106032.95,46041.7,30068.16,2899.27,0.21,120427.73,74386.03,15621.07,58764.96,53.18,25.95,31596.07,2024,2024-04
TXN21070,2025-02-14,Cloud Services,APAC,R&D,194291.87,62229.22,67492.76,28126.9,6437.15,0.21,132062.65,64569.89,13559.68,51010.21,67.97,26.25,29320.46,2025,2025-02
TXN21071,2024-10-15,Enterprise Solutions,EMEA,Sales & Marketing,242697.66,130540.44,51675.14,21495.19,5203.33,0.21,112157.22,60482.08,12701.24,47780.84,46.21,19.69,31488.98,2024,2024-10
TXN21072,2024-09-10,Consulting,EMEA,Administrative,69456.08,35396.41,22375.83,13356.27,2656.88,0.21,34059.67,11683.84,2453.61,9230.23,49.04,13.29,-1469.16,2024,2024-09
TXN21073,2024-07-14,Consumer Hardware,EMEA,COGS,223995.14,112282.62,54218.07,16903.52,6144.44,0.21,111712.52,57494.45,12073.83,45420.62,49.87,20.28,34661.54,2024,2024-07
TXN21074,2025-08-20,Enterprise Solutions,North America,Sales & Marketing,218445.38,110477.86,48020.18,42563.64,6294.1,0.21,107967.52,59947.34,12588.94,47358.4,49.43,21.68,11088.86,2025,2025-08
TXN21075,2025-06-05,Enterprise Solutions,EMEA,COGS,218198.03,116338.31,58035.95,11396.14,3161.52,0.21,101859.72,43823.77,9202.99,34620.78,46.68,15.87,26386.16,2025,2025-06
TXN21076,2025-05-31,Consulting,APAC,Administrative,231046.3,100750.86,68526.83,28226.66,5457.76,0.21,130295.44,61768.61,12971.41,48797.2,56.39,21.12,26028.3,2025,2025-05
TXN21077,2025-09-26,Consumer Hardware,North America,Operations,252940.38,88546.97,65041.79,25295.35,5074.13,0.21,164393.41,99351.62,20863.84,78487.78,64.99,31.03,58266.56,2025,2025-09
TXN21078,2024-04-27,Cloud Services,North America,R&D,291496.7,132396.61,60685.19,34212.53,3920.37,0.21,159100.09,98414.9,20667.13,77747.77,54.58,26.67,47455.61,2024,2024-04
TXN21079,2024-06-07,Consulting,North America,COGS,130946.22,63603.24,37963.82,17756.27,2996.02,0.21,67342.98,29379.16,6169.62,23209.54,51.43,17.72,8449.29,2024,2024-06
TXN21080,2024-08-15,Consumer Hardware,North America,Sales & Marketing,297514.82,144139.79,99774.72,34314.88,8079.41,0.21,153375.03,53600.31,11256.07,42344.24,51.55,14.23,16108.77,2024,2024-08
TXN21081,2024-08-03,Enterprise Solutions,APAC,COGS,199476.7,85847.24,51361.72,22386.68,5248.57,0.21,113629.46,62267.74,13076.23,49191.51,56.96,24.66,32053.4,2024,2024-08
TXN21082,2025-11-26,Consumer Hardware,EMEA,Operations,73117.48,23186.63,16996.15,11692.11,1977.85,0.21,49930.85,32934.7,6916.29,26018.41,68.29,35.58,16304.15,2025,2025-11
TXN21083,2024-01-15,Enterprise Solutions,APAC,R&D,67565.28,26538.17,17998.49,10329.48,1585.85,0.21,41027.11,23028.62,4836.01,18192.61,60.72,26.93,9448.98,2024,2024-01
TXN21084,2024-06-05,Consulting,EMEA,COGS,150271.5,79672.69,31144.43,26296.11,3797.97,0.21,70598.81,39454.38,8285.42,31168.96,46.98,20.74,8670.82,2024,2024-06
TXN21085,2025-10-09,Consulting,APAC,Operations,285469.09,127351.25,92227.4,24976.79,7711.74,0.21,158117.84,65890.44,13836.99,52053.45,55.39,18.23,34788.4,2025,2025-10
TXN21086,2024-09-17,SaaS Subscriptions,LATAM,Sales & Marketing,262304.28,113992.98,84973.77,37097.5,6715.34,0.21,148311.3,63337.53,13300.88,50036.65,56.54,19.08,19654.49,2024,2024-09
TXN21087,2024-06-05,SaaS Subscriptions,LATAM,Administrative,286584.49,105237.66,82593.67,39485.39,8599.55,0.21,181346.83,98753.16,20738.16,78015.0,63.28,27.22,47129.16,2024,2024-06
TXN21088,2024-02-16,SaaS Subscriptions,LATAM,Sales & Marketing,205180.72,80453.87,51903.63,21638.5,2718.28,0.21,124726.85,72823.22,15292.88,57530.34,60.79,28.04,38610.12,2024,2024-02
TXN21089,2024-11-19,Consulting,LATAM,R&D,182059.7,95369.52,58253.19,22376.71,3377.46,0.21,86690.18,28436.99,5971.77,22465.22,47.62,12.34,3465.97,2024,2024-11
TXN21090,2025-11-15,Cloud Services,North America,Sales & Marketing,94235.76,43971.89,26687.85,9147.21,2449.86,0.21,50263.87,23576.02,4950.96,18625.06,53.34,19.76,11927.71,2025,2025-11
TXN21091,2024-05-09,Consulting,North America,Sales & Marketing,148457.83,73760.79,48083.98,10581.58,6938.1,0.21,74697.04,26613.06,5588.74,21024.32,50.32,14.16,17380.84,2024,2024-05
TXN21092,2025-02-14,Consumer Hardware,APAC,Sales & Marketing,180205.81,74530.66,53110.04,14789.52,6487.45,0.21,105675.15,52565.11,11038.67,41526.44,58.64,23.04,33224.37,2025,2025-02
TXN21093,2024-04-04,Consulting,APAC,Sales & Marketing,76580.13,35040.14,24326.51,5041.04,1430.71,0.21,41539.99,17213.48,3614.83,13598.65,54.24,17.76,9988.32,2024,2024-04
TXN21094,2025-09-18,Consulting,LATAM,R&D,116183.59,42069.6,33668.2,17713.4,4532.81,0.21,74113.99,40445.79,8493.62,31952.17,63.79,27.5,18771.58,2025,2025-09
TXN21095,2024-10-18,Enterprise Solutions,EMEA,Operations,229467.59,109310.38,60148.31,34215.71,7412.08,0.21,120157.21,60008.9,12601.87,47407.03,52.36,20.66,20603.4,2024,2024-10
TXN21096,2024-10-09,Enterprise Solutions,LATAM,COGS,270698.93,110147.49,93037.03,52134.17,10335.92,0.21,160551.44,67514.41,14178.03,53336.38,59.31,19.7,11538.13,2024,2024-10
TXN21097,2024-03-09,Enterprise Solutions,APAC,Administrative,349504.25,143519.16,98269.09,55729.07,12974.4,0.21,205985.09,107716.0,22620.36,85095.64,58.94,24.35,42340.97,2024,2024-03
TXN21098,2025-10-21,Consulting,LATAM,COGS,329934.0,152538.58,95932.74,19072.45,8673.37,0.21,177395.42,81462.68,17107.16,64355.52,53.77,19.51,53956.44,2025,2025-10
TXN21099,2024-01-11,Cloud Services,APAC,COGS,242769.56,129655.98,56583.07,44338.65,4082.47,0.21,113113.58,56530.51,11871.41,44659.1,46.59,18.4,4402.92,2024,2024-01
TXN21100,2024-09-10,Consumer Hardware,LATAM,Administrative,176374.42,55734.6,51827.2,31641.8,5245.03,0.21,120639.82,68812.62,14450.65,54361.97,68.4,30.82,27965.2,2024,2024-09
TXN21101,2025-07-03,Consumer Hardware,EMEA,R&D,240853.21,121916.48,68821.67,28058.93,7218.3,0.21,118936.73,50115.06,10524.16,39590.9,49.38,16.44,18750.27,2025,2025-07
TXN21102,2024-05-13,Cloud Services,LATAM,Administrative,285695.49,106591.78,65060.22,39391.54,6755.37,0.21,179103.71,114043.49,23949.13,90094.36,62.69,31.54,57458.19,2024,2024-05
TXN21103,2025-12-12,Cloud Services,EMEA,R&D,85500.86,35139.13,17864.38,16793.37,1902.69,0.21,50361.73,32497.35,6824.44,25672.91,58.9,30.03,10782.23,2025,2025-12
TXN21104,2024-01-23,Consumer Hardware,EMEA,COGS,172971.47,52839.04,50274.83,22459.59,7283.34,0.21,120132.43,69857.6,14670.1,55187.5,69.45,31.91,40011.25,2024,2024-01
TXN21105,2024-12-11,SaaS Subscriptions,APAC,R&D,301940.69,113306.72,94976.6,56100.06,13318.05,0.21,188633.97,93657.37,19668.05,73989.32,62.47,24.5,31207.31,2024,2024-12
TXN21106,2024-10-28,Enterprise Solutions,EMEA,Operations,165149.89,70297.34,45995.93,10314.57,6327.74,0.21,94852.55,48856.62,10259.89,38596.73,57.43,23.37,34609.9,2024,2024-10
TXN21107,2024-12-28,Enterprise Solutions,North America,Administrative,221561.68,69580.12,51848.95,17427.55,6747.71,0.21,151981.56,100132.61,21027.85,79104.76,68.6,35.7,68424.92,2024,2024-12
TXN21108,2025-01-30,Consumer Hardware,North America,Operations,226330.81,95686.77,67894.33,26280.0,9800.06,0.21,130644.04,62749.71,13177.44,49572.27,57.72,21.9,33092.33,2025,2025-01
TXN21109,2024-08-05,Cloud Services,North America,COGS,105342.88,56018.99,22334.36,14507.14,1336.7,0.21,49323.89,26989.53,5667.8,21321.73,46.82,20.24,8151.29,2024,2024-08
TXN21110,2024-05-20,SaaS Subscriptions,APAC,Administrative,158670.63,51781.89,42250.03,27360.24,3232.65,0.21,106888.74,64638.71,13574.13,51064.58,67.37,32.18,26936.99,2024,2024-05
TXN21111,2025-09-07,Consumer Hardware,North America,COGS,150353.39,73840.08,33755.09,29805.95,3358.82,0.21,76513.31,42758.22,8979.23,33778.99,50.89,22.47,7331.86,2025,2025-09
TXN21112,2024-07-28,Enterprise Solutions,APAC,Operations,57859.01,23283.49,13172.7,6267.74,1773.75,0.21,34575.52,21402.82,4494.59,16908.23,59.76,29.22,12414.24,2024,2024-07
TXN21113,2025-09-14,Consulting,APAC,COGS,57257.53,26555.67,13188.93,3270.11,1325.71,0.21,30701.86,17512.93,3677.72,13835.21,53.62,24.16,11890.81,2025,2025-09
TXN21114,2025-09-07,Cloud Services,North America,Administrative,299509.11,109338.54,77275.17,50969.18,9644.21,0.21,190170.57,112895.4,23708.03,89187.37,63.49,29.78,47862.4,2025,2025-09
TXN21115,2025-11-13,Consulting,EMEA,Administrative,131921.24,44836.48,27396.42,18555.66,1750.52,0.21,87084.76,59688.34,12534.55,47153.79,66.01,35.74,30348.65,2025,2025-11
TXN21116,2025-04-04,Consumer Hardware,LATAM,COGS,205423.63,69867.79,53342.15,16388.99,4013.54,0.21,135555.84,82213.69,17264.87,64948.82,65.99,31.62,52573.37,2025,2025-04
TXN21117,2024-12-21,Enterprise Solutions,APAC,Administrative,139617.67,44345.78,38640.04,17343.9,4759.59,0.21,95271.89,56631.85,11892.69,44739.16,68.24,32.04,32154.85,2024,2024-12
TXN21118,2024-11-19,SaaS Subscriptions,North America,Administrative,332203.77,115079.27,90523.58,53599.93,6017.41,0.21,217124.5,126600.92,26586.19,100014.73,65.36,30.11,52432.21,2024,2024-11
TXN21119,2024-05-12,Consulting,APAC,COGS,127789.03,59556.7,32895.15,21156.98,2800.55,0.21,68232.33,35337.18,7420.81,27916.37,53.39,21.85,9559.94,2024,2024-05
TXN21120,2024-05-06,SaaS Subscriptions,EMEA,Operations,178897.04,93102.07,57325.05,22351.89,4458.98,0.21,85794.97,28469.92,5978.68,22491.24,47.96,12.57,4598.33,2024,2024-05
TXN21121,2024-04-15,Enterprise Solutions,EMEA,Administrative,311819.08,157010.7,69161.16,29866.71,5877.74,0.21,154808.38,85647.22,17985.92,67661.3,49.65,21.7,43672.33,2024,2024-04
TXN21122,2025-08-26,Consulting,North America,Administrative,302580.07,142601.02,83468.08,59324.27,10085.65,0.21,159979.05,76510.97,16067.3,60443.67,52.87,19.98,11205.05,2025,2025-08
TXN21123,2025-01-12,SaaS Subscriptions,APAC,Administrative,105830.43,34670.89,22150.97,15822.11,1922.37,0.21,71159.54,49008.57,10291.8,38716.77,67.24,36.58,24817.03,2025,2025-01
TXN21124,2024-02-20,SaaS Subscriptions,LATAM,Administrative,290792.99,108261.32,61262.33,32346.54,6464.79,0.21,182531.67,121269.34,25466.56,95802.78,62.77,32.95,69921.03,2024,2024-02
TXN21125,2024-01-29,Consulting,LATAM,COGS,187456.07,70755.61,53627.41,17258.98,3217.28,0.21,116700.46,63073.05,13245.34,49827.71,62.25,26.58,35786.01,2024,2024-01
TXN21126,2025-04-06,Enterprise Solutions,APAC,Operations,194890.66,70645.77,55524.89,31117.3,7246.1,0.21,124244.89,68720.0,14431.2,54288.8,63.75,27.86,30417.6,2025,2025-04
TXN21127,2024-10-22,SaaS Subscriptions,APAC,Operations,90043.99,38606.49,29868.04,7773.27,2598.19,0.21,51437.5,21569.46,4529.59,17039.87,57.12,18.92,11864.79,2024,2024-10
TXN21128,2024-10-23,Consumer Hardware,APAC,R&D,74180.45,32186.04,21043.59,5619.65,2416.93,0.21,41994.41,20950.82,4399.67,16551.15,56.61,22.31,13348.43,2024,2024-10
TXN21129,2025-12-26,Consulting,North America,Administrative,268381.79,104459.96,92314.92,34748.75,11312.17,0.21,163921.83,71606.91,15037.45,56569.46,61.08,21.08,33132.88,2025,2025-12
TXN21130,2025-02-10,Cloud Services,EMEA,Administrative,198938.35,77277.06,41240.76,18600.36,2926.7,0.21,121661.29,80420.53,16888.31,63532.22,61.16,31.94,47858.56,2025,2025-02
TXN21131,2025-09-04,Cloud Services,LATAM,R&D,181055.21,91820.14,38872.76,26132.74,5382.61,0.21,89235.07,50362.31,10576.09,39786.22,49.29,21.97,19036.09,2025,2025-09
TXN21132,2025-02-08,Enterprise Solutions,North America,Operations,268852.47,133706.57,55547.58,18198.84,6200.36,0.21,135145.9,79598.32,16715.65,62882.67,50.27,23.39,50884.19,2025,2025-02
TXN21133,2024-12-11,Consumer Hardware,APAC,Sales & Marketing,279653.87,105415.23,63702.78,41456.22,5916.24,0.21,174238.64,110535.86,23212.53,87323.33,62.31,31.23,51783.35,2024,2024-12
TXN21134,2025-09-13,SaaS Subscriptions,APAC,Sales & Marketing,97672.45,51614.72,27464.57,9034.16,1874.0,0.21,46057.73,18593.16,3904.56,14688.6,47.16,15.04,7528.44,2025,2025-09
TXN21135,2025-02-23,Cloud Services,EMEA,Operations,233067.54,125437.83,69182.8,11661.87,9978.24,0.21,107629.71,38446.91,8073.85,30373.06,46.18,13.03,28689.43,2025,2025-02
TXN21136,2024-06-30,Enterprise Solutions,APAC,Administrative,90606.22,34583.09,18740.79,6255.49,2352.1,0.21,56023.13,37282.34,7829.29,29453.05,61.83,32.51,25549.66,2024,2024-06
TXN21137,2024-01-01,Consumer Hardware,North America,Sales & Marketing,275412.53,107027.03,94162.34,52340.03,6666.92,0.21,168385.5,74223.16,15586.86,58636.3,61.14,21.29,12963.19,2024,2024-01
TXN21138,2025-07-20,Consumer Hardware,North America,COGS,247086.55,105359.81,80630.47,44501.08,6754.5,0.21,141726.74,61096.27,12830.22,48266.05,57.36,19.53,10519.47,2025,2025-07
TXN21139,2025-01-05,Enterprise Solutions,EMEA,COGS,336984.39,180381.07,82389.94,28657.61,10790.4,0.21,156603.32,74213.38,15584.81,58628.57,46.47,17.4,40761.36,2025,2025-01
TXN21140,2025-10-22,Enterprise Solutions,North America,R&D,70687.4,36692.41,14955.91,11787.53,1788.24,0.21,33994.99,19039.08,3998.21,15040.87,48.09,21.28,5041.58,2025,2025-10
TXN21141,2025-03-06,SaaS Subscriptions,LATAM,Operations,67116.42,21855.92,15133.61,9482.59,1915.59,0.21,45260.5,30126.89,6326.65,23800.24,67.44,35.46,16233.24,2025,2025-03
TXN21142,2024-11-04,Enterprise Solutions,North America,Operations,134656.12,53617.74,29495.3,26343.55,2776.1,0.21,81038.38,51543.08,10824.05,40719.03,60.18,30.24,17151.58,2024,2024-11
TXN21143,2024-05-16,SaaS Subscriptions,North America,Sales & Marketing,128511.71,56332.18,28078.85,13627.49,3415.73,0.21,72179.53,44100.68,9261.14,34839.54,56.17,27.11,24627.78,2024,2024-05
TXN21144,2024-07-20,SaaS Subscriptions,North America,Administrative,124093.64,52836.98,34471.26,18889.42,3055.86,0.21,71256.66,36785.4,7724.93,29060.47,57.42,23.42,13226.91,2024,2024-07
TXN21145,2025-03-11,Consulting,LATAM,Operations,321876.37,112162.9,76245.15,19161.42,5423.03,0.21,209713.47,133468.32,28028.35,105439.97,65.15,32.76,91701.58,2025,2025-03
TXN21146,2024-11-08,Consumer Hardware,APAC,Sales & Marketing,124863.86,64267.95,31680.58,13664.74,3588.39,0.21,60595.91,28915.33,6072.22,22843.11,48.53,18.29,12766.76,2024,2024-11
TXN21147,2024-04-26,Consumer Hardware,North America,Sales & Marketing,131584.92,61744.27,45847.58,25602.83,6767.17,0.21,69840.65,23993.07,5038.54,18954.53,53.08,14.4,118.87,2024,2024-04
TXN21148,2025-10-27,Consumer Hardware,EMEA,Operations,277819.48,141542.66,84081.27,36351.88,6815.64,0.21,136276.82,52195.55,10961.07,41234.48,49.05,14.84,11698.24,2025,2025-10
TXN21149,2025-07-28,Consulting,LATAM,Sales & Marketing,184921.95,95177.68,63307.49,17231.38,6083.66,0.21,89744.27,26436.78,5551.72,20885.06,48.53,11.29,9737.34,2025,2025-07
TXN21150,2024-08-31,SaaS Subscriptions,EMEA,R&D,283013.17,137852.59,62654.44,19256.4,7355.64,0.21,145160.58,82506.14,17326.29,65179.85,51.29,23.03,53279.09,2024,2024-08
TXN21151,2025-06-20,SaaS Subscriptions,North America,R&D,69609.85,28526.3,17912.07,10826.37,1865.55,0.21,41083.55,23171.48,4866.01,18305.47,59.02,26.3,9344.65,2025,2025-06
TXN21152,2025-08-24,Enterprise Solutions,EMEA,Operations,196271.36,88839.62,55585.97,28798.58,7467.57,0.21,107431.74,51845.77,10887.61,40958.16,54.74,20.87,19627.15,2025,2025-08
TXN21153,2024-03-15,Consulting,North America,Administrative,60084.08,20434.08,12708.61,6374.37,1603.5,0.21,39650.0,26941.39,5657.69,21283.7,65.99,35.42,16512.83,2024,2024-03
TXN21154,2025-01-20,Enterprise Solutions,LATAM,R&D,68795.96,32224.81,13802.4,13252.94,770.58,0.21,36571.15,22768.75,4781.44,17987.31,53.16,26.15,5504.95,2025,2025-01
TXN21155,2024-07-28,Consulting,EMEA,R&D,321931.24,111006.18,96761.31,17168.73,14498.92,0.21,210925.06,114163.75,23974.39,90189.36,65.52,28.02,87519.55,2024,2024-07
TXN21156,2025-04-19,Enterprise Solutions,EMEA,Operations,91773.61,43453.65,27190.04,8769.76,3405.29,0.21,48319.96,21129.92,4437.28,16692.64,52.65,18.19,11328.17,2025,2025-04
TXN21157,2025-02-21,Cloud Services,North America,COGS,209726.2,74956.05,54868.22,39462.17,7483.49,0.21,134770.15,79901.93,16779.41,63122.52,64.26,30.1,31143.84,2025,2025-02
TXN21158,2024-12-12,Consumer Hardware,North America,Sales & Marketing,173328.68,57092.36,47396.14,17010.53,5456.23,0.21,116236.32,68840.18,14456.44,54383.74,67.06,31.38,42829.44,2024,2024-12
TXN21159,2025-06-12,Consumer Hardware,APAC,R&D,154203.0,52632.74,40449.98,13544.87,5486.17,0.21,101570.26,61120.28,12835.26,48285.02,65.87,31.31,40226.32,2025,2025-06
TXN21160,2025-10-01,SaaS Subscriptions,North America,COGS,319950.0,96144.35,65142.06,41636.07,3989.19,0.21,223805.65,158663.59,33319.35,125344.24,69.95,39.18,87697.36,2025,2025-10
TXN21161,2024-06-27,Cloud Services,North America,Administrative,56547.02,27124.75,14154.04,9814.88,1199.89,0.21,29422.27,15268.23,3206.33,12061.9,52.03,21.33,3446.91,2024,2024-06
TXN21162,2024-06-30,Consumer Hardware,APAC,COGS,249136.91,120358.1,56445.04,16311.5,7769.21,0.21,128778.81,72333.77,15190.09,57143.68,51.69,22.94,48601.39,2024,2024-06
TXN21163,2025-10-25,SaaS Subscriptions,North America,Operations,339018.33,145348.46,72808.81,64906.11,5108.67,0.21,193669.87,120861.06,25380.82,95480.24,57.13,28.16,35682.8,2025,2025-10
TXN21164,2024-01-25,Cloud Services,North America,Administrative,218050.46,74211.44,74902.09,36907.42,4331.15,0.21,143839.02,68936.93,14476.76,54460.17,65.97,24.98,21883.9,2024,2024-01
TXN21165,2024-06-28,Consumer Hardware,APAC,Administrative,331046.74,106229.12,95971.76,25552.68,12362.3,0.21,224817.62,128845.86,27057.63,101788.23,67.91,30.75,88597.85,2024,2024-06
TXN21166,2025-12-10,Enterprise Solutions,LATAM,COGS,65677.36,20017.29,20313.91,10298.29,2712.89,0.21,45660.07,25346.16,5322.69,20023.47,69.52,30.49,12438.07,2025,2025-12
TXN21167,2025-05-15,Consulting,LATAM,Operations,175638.0,59969.32,43436.08,18923.91,2878.3,0.21,115668.68,72232.6,15168.85,57063.75,65.86,32.49,41018.14,2025,2025-05
TXN21168,2024-06-09,Cloud Services,North America,R&D,128047.34,66932.12,33160.68,14129.28,4491.1,0.21,61115.22,27954.54,5870.45,22084.09,47.73,17.25,12445.91,2024,2024-06
TXN21169,2024-06-25,SaaS Subscriptions,North America,COGS,269246.29,97032.11,63417.89,45097.01,7526.23,0.21,172214.18,108796.29,22847.22,85949.07,63.96,31.92,48378.29,2024,2024-06
TXN21170,2024-10-11,Cloud Services,APAC,R&D,344389.13,133818.54,73886.91,66955.35,7537.08,0.21,210570.59,136683.68,28703.57,107980.11,61.14,31.35,48561.84,2024,2024-10
TXN21171,2024-03-03,SaaS Subscriptions,APAC,COGS,126959.02,41431.35,28801.26,8759.97,3831.29,0.21,85527.67,56726.41,11912.55,44813.86,67.37,35.3,39885.18,2024,2024-03
TXN21172,2025-10-23,Cloud Services,LATAM,R&D,246252.38,87564.96,78708.94,27849.8,7235.31,0.21,158687.42,79978.48,16795.48,63183.0,64.44,25.66,42568.51,2025,2025-10
TXN21173,2025-10-27,SaaS Subscriptions,EMEA,COGS,109429.29,47033.38,33007.36,13365.83,2290.69,0.21,62395.91,29388.55,6171.6,23216.95,57.02,21.22,12141.81,2025,2025-10
TXN21174,2024-06-04,Consumer Hardware,North America,Administrative,219599.08,99245.2,61935.58,23375.61,4861.03,0.21,120353.88,58418.3,12267.84,46150.46,54.81,21.02,27635.88,2024,2024-06
TXN21175,2025-04-13,Enterprise Solutions,EMEA,Sales & Marketing,189179.75,68357.85,51317.56,19765.19,5158.26,0.21,120821.9,69504.34,14595.91,54908.43,63.87,29.02,40301.5,2025,2025-04
TXN21176,2024-02-18,Consumer Hardware,EMEA,Administrative,341601.6,107410.83,115586.07,19758.34,11920.75,0.21,234190.77,118604.7,24906.99,93697.71,68.56,27.43,85860.12,2024,2024-02
TXN21177,2024-03-24,Enterprise Solutions,APAC,R&D,232558.18,92501.93,49048.9,35542.05,6403.73,0.21,140056.25,91007.35,19111.54,71895.81,60.22,30.92,42757.49,2024,2024-03
TXN21178,2024-12-26,Consumer Hardware,North America,Operations,154851.91,55522.28,57325.05,17874.89,4841.04,0.21,99329.63,42004.58,8820.96,33183.62,64.14,21.43,20149.77,2024,2024-12
TXN21179,2025-11-19,Consumer Hardware,North America,Administrative,84228.74,29891.81,21266.97,6672.52,2299.74,0.21,54336.93,33069.96,6944.69,26125.27,64.51,31.02,21752.49,2025,2025-11
TXN21180,2024-05-27,Cloud Services,APAC,Sales & Marketing,95374.05,51498.71,30268.28,16442.97,3876.72,0.21,43875.34,13607.06,2857.48,10749.58,46.0,11.27,-1816.67,2024,2024-05
TXN21181,2025-09-21,Consulting,EMEA,R&D,117595.08,53397.0,41026.24,20036.33,2838.09,0.21,64198.08,23171.84,4866.09,18305.75,54.59,15.57,1107.51,2025,2025-09
TXN21182,2024-12-07,SaaS Subscriptions,APAC,Administrative,125290.0,55029.82,29581.04,15405.5,1627.15,0.21,70260.18,40679.14,8542.62,32136.52,56.08,25.65,18358.17,2024,2024-12
TXN21183,2025-04-20,SaaS Subscriptions,LATAM,COGS,305184.82,123277.51,101060.76,28921.63,13882.05,0.21,181907.31,80846.55,16977.78,63868.77,59.61,20.93,48829.19,2025,2025-04
TXN21184,2024-03-03,SaaS Subscriptions,North America,Operations,218366.84,88926.86,70880.44,31819.09,4079.56,0.21,129439.98,58559.54,12297.5,46262.04,59.28,21.19,18522.51,2024,2024-03
TXN21185,2025-12-01,Enterprise Solutions,LATAM,R&D,207017.27,90099.35,48379.65,19298.73,3612.45,0.21,116917.92,68538.27,14393.04,54145.23,56.48,26.15,38458.95,2025,2025-12
TXN21186,2024-12-25,SaaS Subscriptions,APAC,Administrative,84430.66,40029.21,21943.52,7210.48,2622.95,0.21,44401.45,22457.93,4716.17,17741.76,52.59,21.01,13154.23,2024,2024-12
TXN21187,2025-07-14,SaaS Subscriptions,North America,R&D,308041.91,146485.18,80537.84,49156.46,7324.5,0.21,161556.73,81018.89,17013.97,64004.92,52.45,20.78,22172.96,2025,2025-07
TXN21188,2024-11-22,Cloud Services,LATAM,COGS,266844.29,91507.17,92523.75,14956.3,12734.17,0.21,175337.12,82813.37,17390.81,65422.56,65.71,24.52,63200.43,2024,2024-11
TXN21189,2024-05-20,Consumer Hardware,LATAM,Sales & Marketing,70300.51,29879.7,15967.62,4514.37,1274.18,0.21,40420.81,24453.19,5135.17,19318.02,57.5,27.48,16077.83,2024,2024-05
TXN21190,2024-08-02,SaaS Subscriptions,EMEA,Administrative,262350.53,105724.51,83919.03,13384.66,4295.57,0.21,156626.02,72706.99,15268.47,57438.52,59.7,21.89,48349.43,2024,2024-08
TXN21191,2025-03-10,Consulting,North America,R&D,213061.47,110287.38,53292.83,15541.02,4266.92,0.21,102774.09,49481.26,10391.06,39090.2,48.24,18.35,27816.1,2025,2025-03
TXN21192,2025-12-23,SaaS Subscriptions,LATAM,R&D,74517.6,34118.24,23072.93,4497.03,2487.43,0.21,40399.36,17326.43,3638.55,13687.88,54.21,18.37,11678.28,2025,2025-12
TXN21193,2024-11-13,Enterprise Solutions,LATAM,R&D,187490.19,81206.88,49310.23,37379.99,4319.27,0.21,106283.31,56973.08,11964.35,45008.73,56.69,24.01,11948.01,2024,2024-11
TXN21194,2024-02-01,Enterprise Solutions,EMEA,Sales & Marketing,195408.89,64259.95,56034.27,18235.85,5798.83,0.21,131148.94,75114.67,15774.08,59340.59,67.12,30.37,46903.57,2024,2024-02
TXN21195,2025-10-31,Enterprise Solutions,LATAM,R&D,99732.36,45020.13,32402.22,7219.65,4460.48,0.21,54712.23,22310.01,4685.1,17624.91,54.86,17.67,14865.74,2025,2025-10
TXN21196,2024-10-11,SaaS Subscriptions,LATAM,Operations,333709.44,109890.85,106995.54,28748.88,15112.96,0.21,223818.59,116823.05,24532.84,92290.21,67.07,27.66,78654.29,2024,2024-10
TXN21197,2024-10-31,Cloud Services,LATAM,Operations,304992.61,117209.16,100636.42,58076.34,7708.49,0.21,187783.45,87147.03,18300.88,68846.15,61.57,22.57,18478.3,2024,2024-10
TXN21198,2025-03-04,Consulting,EMEA,R&D,250706.7,84164.87,52383.31,32096.48,5040.01,0.21,166541.83,114158.52,23973.29,90185.23,66.43,35.97,63128.76,2025,2025-03
TXN21199,2025-04-21,SaaS Subscriptions,LATAM,Operations,188688.67,89253.21,57325.05,19759.99,6014.22,0.21,99435.46,42110.41,8843.19,33267.22,52.7,17.63,19521.45,2025,2025-04
